transaction_id,date,description,amount,direction,mcc,category,_merchant,_is_holdout
0,2024-05-10,POKUPKA MTS MAGAZIN SAMARA,50450.0,debit,5732,Электроника и техника,МТС Магазин,False
1,2024-06-19,POS O'KEY,2350.0,debit,5411,Продукты,О'Кей,False
2,2024-05-18,CINABON*892401,3350.0,debit,5814,Кафе и рестораны,Cinnabon,False
3,2024-06-25,POKUPKA TEREMOK UFA,3109.0,debit,,Кафе и рестораны,Теремок,False
4,2024-06-14,OPLATA TOVROV S7 AIRLINES,1050.0,debit,4112,Путешествия,S7 Airlines,False
5,2024-04-08,POS CASTORAMA,7799.0,debit,,Дом и ремонт,Castorama,False
6,2024-06-30,Перевод по номеру телефона +7 999 873-39-64,32809.0,debit,,Переводы,Иванова М.Т.,False
7,2024-05-18,OPLATA VKUSVILL,3150.0,debit,5422,Продукты,ВкусВилл,False
8,2024-06-13,МТС аббонентская плата,6500.0,debit,4814,ЖКХ и связь,МТС,False
9,2024-06-03,POKUPKA DIKSI NOVOSIBIRSK,150.0,debit,5412,Продукты,Дикси,False
10,2024-05-21,OLPATA TOVAROV VKUSNO I TOCHKA,2450.0,debit,5814,Кафе и рестораны,Вкусно и точка,False
11,2024-06-04,POS YANDEKS PLYYUS,409.0,debit,,Развлечения,Яндекс Плюс,False
12,2024-05-31,O'KEY UFA RUS,3990.0,debit,5411,Продукты,О'Кей,False
13,2024-06-14,OPLATA CINNABON,299.0,debit,,Кафе и рестораны,Cinnabon,False
14,2024-06-21,TERMINAL 384162 MTS MAGAZIN UFA,14250.0,debit,,Электроника и техника,МТС Магазин,False
15,2024-05-11,OPLATA KINOTEATR KARO,400.0,debit,,Развлечения,Кинотеатр Каро,False
16,2024-05-26,TERMINAL 445150 TEREMOK KAZAN,549.0,debit,5812,Кафе и рестораны,Теремок,False
17,2024-04-16,OPLATA H&M,11790.0,debit,5661,Одежда и обувь,H&M,False
18,2024-06-16,TERMINAL 766416 MAGNIT KOSMETIK KAZAN,2190.0,debit,7298,Красота и уход,Магнит Косметик,False
19,2024-06-13,SPAR,3990.0,debit,5422,Продукты,Spar,False
20,2024-05-27,IL DE BOTE*549410,6699.0,debit,7230,Красота и уход,Иль Де Ботэ,False
21,2024-04-18,IKEA*847313,15899.0,debit,,Дом и ремонт,IKEA,False
22,2024-04-18,MOSKOVSKIY METROPOLITEN*59132,1799.0,debit,4111,Транспорт,Московский метрополитен,False
23,2024-06-11,MAGNIT,200.0,debit,5412,Продукты,Магнит,False
24,2024-05-08,Кэшбэк по карте,20290.0,credit,,Прочие доходы,Yandex Travel,False
25,2024-05-10,OPLATA LUKOYL AZS,1500.0,debit,4111,Транспорт,Лукойл АЗС,False
26,2024-06-05,POS MAGNIT,2049.0,debit,5412,Продукты,Магнит,False
27,2024-06-05,POS LENTA,2849.0,debit,,Продукты,Лента,False
28,2024-05-19,Совкомбанк Страхование абонентская плата,149.0,debit,6012,Финансовые услуги,Совкомбанк Страхование,False
29,2024-05-08,TERMINAL 891247 ZARA KRASNOYARSK,4090.0,debit,5651,Одежда и обувь,Zara,False
30,2024-05-03,POS L'ETUAL,7249.0,debit,7298,Красота и уход,Л'Этуаль,False
31,2024-06-14,Оплата УСЛ GeekBrains,14450.0,debit,,Образование,GeekBrains,False
32,2024-05-20,POS KINOPOISK,4009.0,debit,,Развлечения,Кинопоиск,False
33,2024-05-04,Возврат покупки Московский метрополитен,14090.0,credit,,Прочие доходы,Московский метрополитен,False
34,2024-04-01,ROSNEFT AZS*80856,2500.0,debit,5541,Транспорт,Роснефть АЗС,False
35,2024-05-11,PARK GORKOGO MOSKVA RUS,909.0,debit,5815,Развлечения,Парк Горького,False
36,2024-04-20,Списание ЖКУ Совкомбанк Страхование,950.0,debit,,Финансовые услуги,Совкомбанк Страхование,False
37,2024-05-14,POLATA ZENDEN,1290.0,debit,5661,Одежда и обувь,Zenden,False
38,2024-06-14,Внутрибанковский перевод Федоров П.А.,49890.0,credit,,Переводы,Федоров П.А.,False
39,2024-04-28,OPLATA H&M,1049.0,debit,5661,Одежда и обувь,H&M,False
40,2024-04-09,ИП Федоров Е.А. репетитор английского,11490.0,debit,8220,Образование,Федоров Е.А.,False
41,2024-06-05,TERMINAL 926660 LENTA SAMARA,599.0,debit,5412,Продукты,Лента,False
42,2024-05-17,TEREMOK,1549.0,debit,,Кафе и рестораны,Теремок,False
43,2024-04-24,TERMINAL 284572 AEROEKSPRSES NIZHNIY NOVGOROD,199.0,debit,7523,Транспорт,Аэроэкспресс,False
44,2024-06-23,PEREKRESTOK UFA RUS,1549.0,debit,,Продукты,Перекресток,False
45,2024-04-02,TERMINAL 373039 KFC UFA,3990.0,debit,5814,Кафе и рестораны,KFC,False
46,2024-04-28,PEREKRESTOK,5649.0,debit,5411,Продукты,Перекресток,False
47,2024-04-13,POOKUPKA TEREMOK KAZAN,1049.0,debit,5814,Кафе и рестораны,Теремок,False
48,2024-06-16,LEDORADO*752763,12209.0,debit,,Электроника и техника,Эльдорадо,False
49,2024-06-13,LUKOYL AZS*739761,1200.0,debit,5541,Транспорт,Лукойл АЗС,False
50,2024-04-13,OPLATA TOVAROV ROSNEFT AZS,2149.0,debit,,Транспорт,Роснефть АЗС,False
51,2024-04-02,POKUPKA SUSHI WOK EKATERINBURG,2890.0,debit,5812,Кафе и рестораны,Sushi Wok,False
52,2024-04-28,MU-MU,3649.0,debit,5812,Кафе и рестораны,Му-Му,False
53,2024-05-04,Перевод по номеру телефона +7 950 271-91-21,41109.0,credit,,Переводы,Попов А.Е.,False
54,2024-06-24,M.VIDEO KAZAN RUS,28300.0,debit,,Электроника и техника,М.Видео,False
55,2024-06-18,TERMINAL 175418 ECCO SAMARA,6150.0,debit,5661,Одежда и обувь,Ecco,False
56,2024-05-28,SPAR UFA RUS,4800.0,debit,5412,Продукты,Spar,False
57,2024-06-19,GeekBrains абонентская плата,18449.0,debit,,Образование,GeekBrains,False
58,2024-06-04,OPLATA TOVAROV PERREKRESTOK,5390.0,debit,5412,Продукты,Перекресток,False
59,2024-06-11,POS ROSNEFT AZS,700.0,debit,7523,Транспорт,Роснефть АЗС,False
60,2024-05-24,OZON.RU,100.0,debit,,Прочее,,False
61,2024-05-01,TEHNPOARK SAMARA RUS,38100.0,debit,5734,Электроника и техника,Технопарк,False
62,2024-05-14,POS PLAYSTATION STORE,2199.0,debit,,Развлечения,PlayStation Store,False
63,2024-06-20,OPLATA TOVAROV LERUA MERLEN,25149.0,debit,5211,Дом и ремонт,Леруа Мерлен,False
64,2024-05-08,Оплата Комиссия за обслуживание л/с 794202,2750.0,debit,,Финансовые услуги,Комиссия за обслуживание,False
65,2024-06-15,TOPGUN BARBERSHOP UFA RUS,3309.0,debit,7230,Красота и уход,TopGun Barbershop,False
66,2024-06-05,POKUPKA CINNABON NOVOSIBIRSK,650.0,debit,5814,Кафе и рестораны,Cinnabon,False
67,2024-05-11,POS ASHAN,5400.0,debit,5422,Продукты,Ашан,False
68,2024-06-16,OPLATA TOVAROV GAZPROMNEFT AZS,2349.0,debit,7523,Транспорт,Газпромнефть АЗС,False
69,2024-04-19,POKUPKA PRIME NOVOSIBIRSK,3000.0,debit,,Кафе и рестораны,Prime,False
70,2024-06-26,KOFE HAUZ*921538,1650.0,debit,5814,Кафе и рестораны,Кофе Хауз,False
71,2024-04-03,Кэшбэк по карте,3599.0,credit,,Прочие доходы,РЖД,False
72,2024-06-01,Перевод по номеру телефона +7 912 445-48-49,14050.0,debit,,Переводы,Иванов М.Е.,False
73,2024-04-29,POS MOSKOVSKIY METROPOLITEN,1990.0,debit,7523,Транспорт,Московский метрополитен,False
74,2024-04-24,BILAYN RITEYL,5709.0,debit,5732,Электроника и техника,Билайн Ритейл,False
75,2024-06-24,ТСЖ Пример абонентская плата,1800.0,debit,4814,ЖКХ и связь,ТСЖ Пример,False
76,2024-05-31,Перевод между своими счетами,46109.0,debit,,Переводы,Егорова Е.Ю.,False
77,2024-04-03,POKUPKA DOC+ SAMARA,8399.0,debit,8011,Здоровье,Doc+,False
78,2024-04-26,KKOFE HAUZ,1090.0,debit,5814,Кафе и рестораны,Кофе Хауз,False
79,2024-06-02,SHOKOLADNITSA,2649.0,debit,,Кафе и рестораны,Шоколадница,False
80,2024-05-17,POS SPORTMASTER,7850.0,debit,,Одежда и обувь,Спортмастер,False
81,2024-06-30,CINNABON KAZAN RUS,2149.0,debit,5812,Кафе и рестораны,Cinnabon,False
82,2024-04-30,ZENDEN*589730,7599.0,debit,,Одежда и обувь,Zenden,False
83,2024-06-23,Перевод СБП Попов А.Е.,15090.0,debit,,Переводы,Попов А.Е.,False
84,2024-05-10,Списаие ЖКУ ТСЖ Пример,7999.0,debit,,ЖКХ и связь,ТСЖ Пример,False
85,2024-04-04,PRIME,2390.0,debit,5812,Кафе и рестораны,Prime,False
86,2024-04-27,Прочие услуги 951561,9499.0,debit,,Прочее,,False
87,2024-06-07,POKUPA IVI NOVOSIBIRSK,3749.0,debit,,Развлечения,IVI,False
88,2024-05-14,OPLATA PEREKRESTOK,4599.0,debit,5412,Продукты,Перекресток,False
89,2024-06-21,POS LENTA,2909.0,debit,5422,Продукты,Лента,False
90,2024-06-13,OPLATA SPAR,3250.0,debit,5411,Продукты,Spar,False
91,2024-06-20,TERMINAL 598062 ELDORADO NIZHNIY NOVGOROD,78990.0,debit,5732,Электроника и техника,Эльдорадо,False
92,2024-04-29,IL DE BOTE,1990.0,debit,7230,Красота и уход,Иль Де Ботэ,False
93,2024-04-23,МТС счет №455779,3450.0,debit,4900,ЖКХ и связь,МТС,False
94,2024-05-30,VKUSVILL*9972219,1209.0,debit,5422,Продукты,ВкусВилл,False
95,2024-05-23,Списание ЖКУ Мегафон,4199.0,debit,4900,ЖКХ и связь,Мегафон,False
96,2024-04-24,МАРКЕТПЛЕЙС ОПЛАТА 479073,7349.0,debit,,Прочее,,False
97,2024-06-28,POKUPKA WINK CHELYABINSK,2690.0,debit,5815,Развлечения,Wink,False
98,2024-06-15,Кэшбэк по карте,53190.0,credit,,Прочие доходы,Перекресток,False
99,2024-04-08,Перевод между своими счетами,2500.0,debit,,Переводы,Егоров И.О.,False
100,2024-06-04,OPLATA PYATEROCHKA,899.0,debit,5411,Продукты,Пятёрочка,False
101,2024-04-26,Оплата Skillbox л/с 694805,15709.0,debit,8220,Образование,Skillbox,False
102,2024-05-16,OPLAAT IKEA,23449.0,debit,,Дом и ремонт,IKEA,False
103,2024-05-19,POKUPKA STEAM KAZAN,4509.0,debit,,Развлечения,Steam,False
104,2024-04-26,KFC,3309.0,debit,5812,Кафе и рестораны,KFC,False
105,2024-06-18,OPLATA DNS,18899.0,debit,5732,Электроника и техника,DNS,False
106,2024-06-29,POS ASHAN,1909.0,debit,5411,Продукты,Ашан,False
107,2024-05-14,Билайн абонентская плата,3649.0,debit,4900,ЖКХ и связь,Билайн,False
108,2024-04-30,TERMINAL 420692 ZDRAVSITI SANKT-PETERBURG,4250.0,debit,,Здоровье,Здравсити,False
109,2024-06-10,ВОЗВРАТ SBP Федоров С.П.,62600.0,credit,,Прочие доходы,Мегафон,False
110,2024-04-04,Перевод СБП Соколов Н.В.,30699.0,debit,,Переводы,Соколов Н.В.,False
111,2024-06-29,OPLATA TOVAROV VKUSNO I TOCHKA,1800.0,debit,5814,Кафе и рестораны,Вкусно и точка,False
112,2024-06-18,BOULING KOSMIK VORONEZH RUS,2709.0,debit,,Развлечения,Боулинг Космик,False
113,2024-04-13,DIKSI KRASNOYARSK RUS,4150.0,debit,5422,Продукты,Дикси,False
114,2024-05-31,Перевод СБП Иванов С.Д.,3850.0,credit,,Переводы,Иванов С.Д.,False
115,2024-06-19,Перевод между своими счетами,4050.0,credit,,Переводы,Смирнова А.Д.,False
116,2024-06-19,OPLATA MOSKOVSKIY METROPOLITEN,50.0,debit,4111,Транспорт,Московский метрополитен,False
117,2024-05-15,POS TEHNOPARK,16909.0,debit,5734,Электроника и техника,Технопарк,False
118,2024-05-15,OPLATA TOVAROV ZARA,7650.0,debit,,Одежда и обувь,Zara,False
119,2024-05-24,OPLATA SPAR,199.0,debit,,Продукты,Spar,False
120,2024-05-09,OPLATA SALON KRASOTY STIL,4009.0,debit,,Красота и уход,Салон Красоты Стиль,False
121,2024-06-17,FORMULA KINO KAZAN RUS,1390.0,debit,,Развлечения,Формула Кино,False
122,2024-06-13,OPLATA L'ETUAL,3849.0,debit,,Красота и уход,Л'Этуаль,False
123,2024-06-08,PLAYSTATION STORE,4250.0,debit,,Развлечения,PlayStation Store,False
124,2024-05-08,POKUPKA METRO NOVOSIBIRSK,3699.0,debit,5412,Продукты,Metro,False
125,2024-04-02,TERMINAL 360513 DELIMOBIL KAZAN,1390.0,debit,5541,Транспорт,Delimobil,False
126,2024-04-08,O'KEY NIZHNIY NOVGOOD RUS,5590.0,debit,,Продукты,О'Кей,False
127,2024-04-05,Перевод по номеру телефона +7 924 879-55-81,24049.0,credit,,Переводы,Волков А.Е.,False
128,2024-06-05,Внутрибанковский перевод Волкова Ю.О.,19100.0,debit,,Переводы,Волкова Ю.О.,False
129,2024-06-04,Списание ЖКУ Ренессанс Страхование,4209.0,debit,,Финансовые услуги,Ренессанс Страхование,False
130,2024-04-09,OPLATA TOVAROV YANDEKS TAKSI,2049.0,debit,,Транспорт,Яндекс Такси,False
131,2024-06-24,O'KEY CHELYABINSK RUS,4899.0,debit,,Продукты,О'Кей,False
132,2024-06-02,П2П перевод Соколов В.А.,37290.0,credit,,Переводы,Соколов В.А.,False
133,2024-04-04,Выплата премии ООО Альянс,26590.0,credit,,Прочие доходы,Doc+,False
134,2024-06-14,POKUPKA MAGNIT NOVOSIBIRSK,2350.0,debit,5412,Продукты,Магнит,False
135,2024-04-15,SM-KLINIKA*489983,2490.0,debit,,Здоровье,СМ-Клиника,False
136,2024-05-21,POS PYATEROCHKA,3300.0,debit,,Продукты,Пятёрочка,False
137,2024-06-02,OPLATA IL DE BOTE,3549.0,debit,7298,Красота и уход,Иль Де Ботэ,False
138,2024-05-04,SALON KRASOTY STIL*30835,7909.0,debit,7298,Красота и уход,Салон Красоты Стиль,False
139,2024-05-25,VKUSVILL KRASNOYARSK RUS,2000.0,debit,5422,Продукты,ВкусВилл,False
140,2024-06-20,ИП Волков Е.Д. консультация врача,809.0,debit,8099,Здоровье,Волков Е.Д.,False
141,2024-05-06,FORMUA KINO,4290.0,debit,7994,Развлечения,Формула Кино,False
142,2024-05-29,POKUPKA KOFE HAUZ VORONEZH,1400.0,debit,5812,Кафе и рестораны,Кофе Хауз,False
143,2024-05-12,Перевод Петров А.М.,20299.0,debit,,Переводы,Петров А.М.,False
144,2024-05-16,Оплата услуг МТС,709.0,debit,4900,ЖКХ и связь,МТС,False
145,2024-05-05,POS TEREMOK,2599.0,debit,,Кафе и рестораны,Теремок,False
146,2024-06-12,STTEAM,2149.0,debit,7994,Развлечения,Steam,False
147,2024-04-23,Лабиринт счет №918259,3500.0,debit,8299,Образование,Лабиринт,False
148,2024-06-10,POS TEREMOK,3699.0,debit,5812,Кафе и рестораны,Теремок,False
149,2024-05-24,WHOOSH KAZAN RUS,2549.0,debit,4111,Транспорт,Whoosh,False
150,2024-04-17,WILDBERRIES,1009.0,debit,,Прочее,,False
151,2024-06-06,SVYAZNOY*135443,19199.0,debit,,Электроника и техника,Связной,False
152,2024-05-21,Оплата ЕИРЦ л/с 345295,2649.0,debit,4814,ЖКХ и связь,ЕИРЦ,False
153,2024-05-19,STEM,4290.0,debit,,Развлечения,Steam,False
154,2024-06-20,OPLATA TOVAROV SPAR,2900.0,debit,5422,Продукты,Spar,False
155,2024-04-27,DOMINOS PIZZA NOVOSIBIRSK RUS,2509.0,debit,5812,Кафе и рестораны,Dominos Pizza,False
156,2024-04-08,TERMINAL 807564 WHOOSH UFA,2749.0,debit,7523,Транспорт,Whoosh,False
157,2024-05-11,TERMINAL 235153 WILDBERRIES FASHION NIZHNIY NOVGOROD,7299.0,debit,5651,Одежда и обувь,Wildberries Fashion,False
158,2024-04-07,SSHI WOK,849.0,debit,,Кафе и рестораны,Sushi Wok,False
159,2024-05-14,OPLATA TOVAROV VKUSNO I TOCHKA,1050.0,debit,5814,Кафе и рестораны,Вкусно и точка,False
160,2024-06-25,VKUSVILL MOSKVA RUS,2250.0,debit,,Продукты,ВкусВилл,False
161,2024-05-28,M.VIDEO*109239,41999.0,debit,,Электроника и техника,М.Видео,False
162,2024-06-21,POKUPKA MU-MU ROSTOV-NA-DONU,1509.0,debit,,Кафе и рестораны,Му-Му,False
163,2024-04-27,Перевод Смирнова А.Д.,39649.0,debit,,Переводы,Смирнова А.Д.,False
164,2024-04-07,Перевод по номеру телефона +7 992 387-37-29,9499.0,debit,,Переводы,Морозова П.Д.,False
165,2024-06-28,VKUSVIL*L756242,3609.0,debit,,Продукты,ВкусВилл,False
166,2024-06-23,POKUPKA KFC MOSKVA,749.0,debit,5812,Кафе и рестораны,KFC,False
167,2024-05-25,TERMINAL 629471 PETROVICH ROSTOV-NA-DONU,19209.0,debit,,Дом и ремонт,Petrovich,False
168,2024-04-15,OPLATA TOVAROV KOFE HAUZ,3490.0,debit,5814,Кафе и рестораны,Кофе Хауз,False
169,2024-05-03,POKUPKA ASHAN UFA,1609.0,debit,,Продукты,Ашан,False
170,2024-06-11,Перевод Новикова О.О.,26149.0,credit,,Переводы,Новикова О.О.,False
171,2024-06-19,POKUPKA KARI SANKT-PETERBURG,7349.0,debit,5651,Одежда и обувь,Kari,False
172,2024-06-25,ZDRAVSITI,10250.0,debit,8011,Здоровье,Здравсити,False
173,2024-04-02,OPLATA TOVAROV NAIL BAR,2909.0,debit,,Красота и уход,Nail Bar,False
174,2024-05-29,POS NAIL BAR,7300.0,debit,7298,Красота и уход,Nail Bar,False
175,2024-04-03,KFC,2150.0,debit,,Кафе и рестораны,KFC,False
176,2024-04-04,PEREKRESTTOK*112760,2699.0,debit,,Продукты,Перекресток,False
177,2024-05-29,Оплата Т2 л/с 579923,4099.0,debit,4814,ЖКХ и связь,Т2,False
178,2024-05-04,Списание ЖКУ Ростелеком,5909.0,debit,4900,ЖКХ и связь,Ростелеком,False
179,2024-04-04,ZDRAVSITI SANKT-PETERBURG RUS,5249.0,debit,,Здоровье,Здравсити,False
180,2024-05-14,ОПЛ услуг Нетология,15200.0,debit,8220,Образование,Нетология,False
181,2024-04-10,ИП Иванов О.А. электрик услуги,21449.0,debit,5211,Дом и ремонт,Иванов О.А.,False
182,2024-04-25,Прочие услуги 461295,209.0,debit,,Прочее,,False
183,2024-04-05,LENTA,3190.0,debit,,Продукты,Лента,False
184,2024-05-10,МсЭнергоСбыт абонентская плата,6399.0,debit,,ЖКХ и связь,МосЭнергоСбыт,False
185,2024-05-03,OPLATA AEROEKSPRRESS,1099.0,debit,4121,Транспорт,Аэроэкспресс,False
186,2024-04-26,П2П перевод Новикова С.О.,25299.0,debit,,Переводы,Новикова С.О.,False
187,2024-05-18,POS DOMINOS PIZZA,1650.0,debit,,Кафе и рестораны,Dominos Pizza,False
188,2024-04-10,OPLATA TOVAROV CINNABON,300.0,debit,5814,Кафе и рестораны,Cinnabon,False
189,2024-05-28,INVITRO KRASNOYARSK RUS,14349.0,debit,8099,Здоровье,Инвитро,False
190,2024-05-01,Оплата услуг Мегафон,6600.0,debit,4900,ЖКХ и связь,Мегафон,False
191,2024-06-06,SUSHI WOK NIZHNIY NOVGOROD RUS,809.0,debit,,Кафе и рестораны,Sushi Wok,False
192,2024-04-12,CINNABON VORONEZH RUS,3590.0,debit,5812,Кафе и рестораны,Cinnabon,False
193,2024-04-30,Перевод между своими счетами,449.0,debit,,Переводы,Сидоров П.П.,False
194,2024-05-07,POS APTEKA APEL,3449.0,debit,8099,Здоровье,Аптека Апрель,False
195,2024-05-21,П2П перевод Волкова Е.О.,48809.0,credit,,Переводы,Волкова Е.О.,False
196,2024-06-07,KINOTEATR KARO MOSKVA RUS,1849.0,debit,,Развлечения,Кинотеатр Каро,False
197,2024-06-04,O'KEY KAZAN RUS,3799.0,debit,5412,Продукты,О'Кей,False
198,2024-05-10,YANDEX MARKET,7599.0,debit,,Прочее,,False
199,2024-06-05,Ренессанс Сттрахование абонентская плата,1390.0,debit,6051,Финансовые услуги,Ренессанс Страхование,False
200,2024-04-25,Кэшбэк по карте,12109.0,credit,,Прочие доходы,ЮMoney Комиссия,False
201,2024-06-23,Перевод Егорова Н.М.,19909.0,debit,,Переводы,Егорова Н.М.,False
202,2024-04-20,Оплата АльфаСтрахование л/с 880725,2299.0,debit,6051,Финансовые услуги,АльфаСтрахование,False
203,2024-06-05,O'KEY*21798,2209.0,debit,,Продукты,О'Кей,False
204,2024-05-13,POS MEDSI,7709.0,debit,5912,Здоровье,Медси,False
205,2024-05-18,OPLATA TOVAROV MU-MU,3409.0,debit,,Кафе и рестораны,Му-Му,False
206,2024-05-21,Т2 счет №600405,7200.0,debit,4900,ЖКХ и связь,Т2,False
207,2024-05-15,POS PEREKRESTOK,3999.0,debit,,Продукты,Перекресток,False
208,2024-04-02,TEERMINAL 176445 AEROEKSPRESS SAMARA,799.0,debit,,Транспорт,Аэроэкспресс,False
209,2024-06-18,WILDBERRIES,1700.0,debit,,Прочее,,False
210,2024-06-20,KOFE HAUZ,2100.0,debit,5812,Кафе и рестораны,Кофе Хауз,False
211,2024-06-27,NAIL BAR KAZAN RUS,3790.0,debit,7230,Красота и уход,Nail Bar,False
212,2024-04-02,ИП Попов Е.Ю. стоматолог кабинет,13099.0,debit,5912,Здоровье,Попов Е.Ю.,False
213,2024-05-17,Водоканал счет №627612,6049.0,debit,4814,ЖКХ и связь,Водоканал,False
214,2024-06-30,Пополнение счета от Петров Е.О.,14000.0,credit,,Прочие доходы,Ecco,False
215,2024-06-29,Списание по операции №361589,2949.0,debit,,Прочее,,False
216,2024-04-21,POS PLAYSTATION STORE,4049.0,debit,7832,Развлечения,PlayStation Store,False
217,2024-04-25,Оплата Читай-город л/с 414297,6950.0,debit,,Образование,Читай-город,False
218,2024-06-07,POS METRO,3299.0,debit,5411,Продукты,Metro,False
219,2024-06-11,OPLATA TOVAROV SITIMOBIL,2150.0,debit,4111,Транспорт,Ситимобил,False
220,2024-06-29,Зачисление заработной платы ООО Ромашка,64309.0,credit,,Прочие доходы,Билайн,False
221,2024-04-28,POKUPKA LIME SANKT-PETERBURG,4499.0,debit,,Одежда и обувь,LIME,False
222,2024-06-06,INK,3900.0,debit,7832,Развлечения,Wink,False
223,2024-05-05,OSTROVOK,43150.0,debit,,Путешествия,ОстровОК,False
224,2024-06-04,VKUSVILL,4649.0,debit,,Продукты,ВкусВилл,False
225,2024-04-21,POS RENDEZ-VOUS,7700.0,debit,,Одежда и обувь,Rendez-Vous,False
226,2024-06-03,POS BOULING KOSMIK,1200.0,debit,,Развлечения,Боулинг Космик,False
227,2024-06-25,Перевод СБП Кузнецов Е.И.,6090.0,debit,,Переводы,Кузнецов Е.И.,False
228,2024-06-19,OPLATA TOVAROV METRO,2300.0,debit,5412,Продукты,Metro,False
229,2024-06-14,Выплата премии ООО Альянс,63100.0,credit,,Прочие доходы,ТСЖ Пример,False
230,2024-06-28,SPAR*586472,4550.0,debit,,Продукты,Spar,False
231,2024-06-06,POKUPKA PRIME NIZHNIY NOVGOROD,2050.0,debit,5814,Кафе и рестораны,Prime,False
232,2024-04-21,KARI*340403,3649.0,debit,,Одежда и обувь,Kari,False
233,2024-06-07,OPLATA TOVAROV ASHAN DOM,16350.0,debit,5200,Дом и ремонт,Ашан Дом,False
234,2024-04-23,SHOKOLADNITSA*814712,1400.0,debit,,Кафе и рестораны,Шоколадница,False
235,2024-06-16,OPLATA TOVAROV DIKSI,3799.0,debit,5412,Продукты,Дикси,False
236,2024-06-26,Перевод СБП Волков И.Ю.,5490.0,debit,,Переводы,Волков И.Ю.,False
237,2024-06-02,TERMINAL 690880 MU-MU KRASNOYARSK,2549.0,debit,5814,Кафе и рестораны,Му-Му,False
238,2024-06-20,OPLATA KARI,2950.0,debit,,Одежда и обувь,Kari,False
239,2024-04-01,RENDEZ-VOUS,11250.0,debit,,Одежда и обувь,Rendez-Vous,False
240,2024-06-18,Списане ЖКУ МосЭнергоСбыт,990.0,debit,,ЖКХ и связь,МосЭнергоСбыт,False
241,2024-04-20,H&M VORONEZH RUS,2709.0,debit,5651,Одежда и обувь,H&M,False
242,2024-05-07,OPLATA BOULING KOSMIK,1950.0,debit,,Развлечения,Боулинг Космик,False
243,2024-05-16,Перевод СБП Сидоров Д.О.,26749.0,credit,,Переводы,Сидоров Д.О.,False
244,2024-05-20,SUSHI WOK*886893,3150.0,debit,,Кафе и рестораны,Sushi Wok,False
245,2024-05-04,Учи.ру абонентская плата,23199.0,debit,8299,Образование,Учи.ру,False
246,2024-06-03,PRIME,2199.0,debit,5812,Кафе и рестораны,Prime,False
247,2024-05-03,Списание ЖКУ ЕИРЦ,4549.0,debit,4900,ЖКХ и связь,ЕИРЦ,False
248,2024-04-19,PETROVICH*933839,7299.0,debit,5200,Дом и ремонт,Petrovich,False
249,2024-06-18,SITIMOBIL*832420,1409.0,debit,,Транспорт,Ситимобил,False
250,2024-05-08,TERMINAL 83289 GAZPROMNEFT AZS MOSKVA,2799.0,debit,7523,Транспорт,Газпромнефть АЗС,False
251,2024-04-22,S7 AIRLINES,23599.0,debit,7011,Путешествия,S7 Airlines,False
252,2024-05-11,METRO*527806,1009.0,debit,,Продукты,Metro,False
253,2024-05-01,OPLATA DOC+,11890.0,debit,5912,Здоровье,Doc+,False
254,2024-05-10,OZON.RU,4000.0,debit,,Прочее,,False
255,2024-04-30,YANDEX MARKET,7090.0,debit,,Прочее,,False
256,2024-04-24,OPLATA TOVAROV O'KEY,1249.0,debit,,Продукты,О'Кей,False
257,2024-05-07,OPLATA KFC,1449.0,debit,5814,Кафе и рестораны,KFC,False
258,2024-04-13,SUSHI WOK NIZHNIY NOVGOROD RUS,2699.0,debit,5814,Кафе и рестораны,Sushi Wok,False
259,2024-06-16,SBP PEREVOD Морозов Н.И.,7809.0,debit,,Переводы,Морозов Н.И.,False
260,2024-05-01,Внутрибанковский перевод Иванова А.С.,40299.0,credit,,Переводы,Иванова А.С.,False
261,2024-04-03,Перевод СБП Попова Д.А.,27449.0,debit,,Переводы,Попова Д.А.,False
262,2024-06-22,YANDEKS TAAKSI,1800.0,debit,4111,Транспорт,Яндекс Такси,False
263,2024-05-12,POS DIKSI,4000.0,debit,5422,Продукты,Дикси,False
264,2024-04-20,АльфаСтрахование сччет №745162,2690.0,debit,6051,Финансовые услуги,АльфаСтрахование,False
265,2024-06-28,Skillbox абонентская плата,8650.0,debit,,Образование,Skillbox,False
266,2024-04-11,TVOE*373640,3249.0,debit,5651,Одежда и обувь,Твое,False
267,2024-04-20,МАРКЕТПЛЕЙС ОПЛАТА 922359,3900.0,debit,,Прочее,,False
268,2024-04-25,POKUPKA OZON ELECTRONICS EKATERINBURG,52700.0,debit,,Электроника и техника,Ozon Electronics,False
269,2024-06-04,METO KRASNOYARSK RUS,5499.0,debit,5411,Продукты,Metro,False
270,2024-04-24,ВТБ Страхование счет №718276,4399.0,debit,,Финансовые услуги,ВТБ Страхование,False
271,2024-05-21,PKUPKA ROSNEFT AZS NOVOSIBIRSK,2590.0,debit,,Транспорт,Роснефть АЗС,False
272,2024-05-26,POS MAKSIDOM,24709.0,debit,,Дом и ремонт,Максидом,False
273,2024-06-01,Перевод по номеру телефона +7 988 731-44-87,28390.0,debit,,Переводы,Кузнецова С.И.,False
274,2024-05-14,OPLATA PYATEROCHKA,949.0,debit,5422,Продукты,Пятёрочка,False
275,2024-05-09,OLPATA TOVAROV ASHAN,2500.0,debit,,Продукты,Ашан,False
276,2024-05-30,VKUSSVILL VORONEZH RUS,3099.0,debit,,Продукты,ВкусВилл,False
277,2024-04-18,STEAM,2099.0,debit,7994,Развлечения,Steam,False
278,2024-06-25,UM-MU,2150.0,debit,,Кафе и рестораны,Му-Му,False
279,2024-05-25,ZENDEN,5099.0,debit,,Одежда и обувь,Zenden,False
280,2024-06-07,Читай-город счет №64675,20850.0,debit,8220,Образование,Читай-город,False
281,2024-05-03,POKUPKA MU-MU VORONEZH,1990.0,debit,5812,Кафе и рестораны,Му-Му,False
282,2024-06-15,DNS*726318,57090.0,debit,,Электроника и техника,DNS,False
283,2024-04-26,OPLATA TOVAROV KOFE HAUZ,2150.0,debit,,Кафе и рестораны,Кофе Хауз,False
284,2024-06-11,TERMINAL 47038 ZDRAVSITI CHELYABINSK,13749.0,debit,,Здоровье,Здравсити,False
285,2024-06-14,Перевод по номеру телефона +7 963 415-49-67,14590.0,debit,,Переводы,Сидорова Т.И.,False
286,2024-04-14,АльфаСтрахование счет №803575,2350.0,debit,6012,Финансовые услуги,АльфаСтрахование,False
287,2024-06-30,SPAR EKATERINBURG RUS,2850.0,debit,5422,Продукты,Spar,False
288,2024-06-23,Списание ЖКУ Мегафон,6690.0,debit,4900,ЖКХ и связь,Мегафон,False
289,2024-06-08,POKUPKA SUSHI WOK MOSKVA,1400.0,debit,5814,Кафе и рестораны,Sushi Wok,False
290,2024-06-08,POS ASHAN,4249.0,debit,,Продукты,Ашан,False
291,2024-05-07,PODRUZHKA,2750.0,debit,,Красота и уход,Подружка,False
292,2024-04-13,POS BILAYN RIEYL,42449.0,debit,5732,Электроника и техника,Билайн Ритейл,False
293,2024-05-28,OPLATA SHOKOLADNITSA,2409.0,debit,5814,Кафе и рестораны,Шоколадница,False
294,2024-04-13,HOTELTONIGHT*9731140,38250.0,debit,,Путешествия,Hoteltonight,False
295,2024-06-04,POS KINOPOISK,2400.0,debit,,Развлечения,Кинопоиск,False
296,2024-04-03,Оплата ТСЖ Пример л/с 48702,4609.0,debit,4900,ЖКХ и связь,ТСЖ Пример,False
297,2024-05-18,OPLATA LENTA,3300.0,debit,5412,Продукты,Лента,False
298,2024-04-09,DIKKSI,2950.0,debit,,Продукты,Дикси,False
299,2024-04-19,Перевод по номеру телефона +7 978 443-69-62,46300.0,credit,,Переводы,Морозова Н.Ю.,False
300,2024-06-11,Внутрибанковский перевод Федорова Д.И.,39999.0,debit,,Переводы,Федорова Д.И.,False
301,2024-06-07,IVI*394468,4249.0,debit,,Развлечения,IVI,False
302,2024-05-31,Списание ЖКУ Райффайзен Комиссия,3599.0,debit,6051,Финансовые услуги,Райффайзен Комиссия,False
303,2024-06-05,POS TVOE,2599.0,debit,,Одежда и обувь,Твое,False
304,2024-04-24,MAGNIT,3090.0,debit,5412,Продукты,Магнит,False
305,2024-06-14,POKUPKA LENTA NIZHNIY NOVGOROD,4949.0,debit,,Продукты,Лента,False
306,2024-04-04,TERMINAL 749344 YANDEKS TAKSI SAMARA,399.0,debit,,Транспорт,Яндекс Такси,False
307,2024-04-10,SBP PEREVOD Новиков Е.Н.,37300.0,credit,,Переводы,Новиков Е.Н.,False
308,2024-05-27,SALON KRASOTY STIL EKATERINBURG RUS,2750.0,debit,,Красота и уход,Салон Красоты Стиль,False
309,2024-05-27,Перевод по номеру телефона +7 981 626-23-36,27149.0,credit,,Переводы,Сидорова И.А.,False
310,2024-06-24,Перевод по номеру телефона +7 931 172-49-88,44649.0,credit,,Переводы,Егоров А.А.,False
311,2024-06-08,OPLATA TOVAROV VKUSNO I TOCHKA,600.0,debit,5814,Кафе и рестораны,Вкусно и точка,False
312,2024-04-06,OPLATA TOVAROV MU-MU,1490.0,debit,,Кафе и рестораны,Му-Му,False
313,2024-05-02,OPLATA TOVAROV O'KYE,2809.0,debit,,Продукты,О'Кей,False
314,2024-05-03,POS RIV GOSH,1709.0,debit,7298,Красота и уход,Рив Гош,False
315,2024-04-26,П2П перевод Иванова П.Е.,38449.0,debit,,Переводы,Иванова П.Е.,False
316,2024-04-16,Оплата услуг МТС,899.0,debit,4814,ЖКХ и связь,МТС,False
317,2024-05-06,MTS MAGAZIN EKATERINBURG RUS,31099.0,debit,5734,Электроника и техника,МТС Магазин,False
318,2024-06-16,METRO NIZHNIY NOVGOROD RUS,609.0,debit,5412,Продукты,Metro,False
319,2024-05-20,Перевод Новиков Д.П.,3500.0,credit,,Переводы,Новиков Д.П.,False
320,2024-05-04,П2П перевод Федоров П.А.,37809.0,debit,,Переводы,Федоров П.А.,False
321,2024-05-23,Начисление процентов на остаток,61399.0,credit,,Прочие доходы,Яндекс Плюс,False
322,2024-04-17,Списание ЖКУ Райффайзен Комиссия,2299.0,debit,,Финансовые услуги,Райффайзен Комиссия,False
323,2024-06-30,Перевод СБП Новиков О.Ю.,18549.0,debit,,Переводы,Новиков О.Ю.,False
324,2024-05-11,OPLATA O'KEY,350.0,debit,,Продукты,О'Кей,False
325,2024-06-06,TERMINAL 426756 TUTU.RU VORONEZH,33109.0,debit,4511,Путешествия,Туту.ру,False
326,2024-06-12,POKUPKA LUKOYL AZS CHELYABINSK,2090.0,debit,4111,Транспорт,Лукойл АЗС,False
327,2024-04-12,Внутрибанковский перевод Морозов С.П.,44609.0,credit,,Переводы,Морозов С.П.,False
328,2024-05-31,OPLATA TOVAROV ONEPRICE,1749.0,debit,7298,Красота и уход,OnePrice,False
329,2024-04-17,Внутрибанковский перевод Волкова Д.А.,24299.0,debit,,Переводы,Волкова Д.А.,False
330,2024-04-25,Оплата услуг ЮMoney Комиссия,2699.0,debit,6012,Финансовые услуги,ЮMoney Комиссия,False
331,2024-04-13,MU-MU SANKT-PETERBURG RUS,2709.0,debit,5814,Кафе и рестораны,Му-Му,False
332,2024-05-24,ИП Попов И.Н. косметолог,3909.0,debit,7298,Красота и уход,Попов И.Н.,False
333,2024-05-28,LENTA,4509.0,debit,,Продукты,Лента,False
334,2024-06-14,Перевод СБП Федоров С.А.,1450.0,debit,,Переводы,Федоров С.А.,False
335,2024-04-14,Перевод Петров М.М.,42900.0,debit,,Переводы,Петров М.М.,False
336,2024-05-31,POKUPKA VKUSNO I TOCHKA UFA,3299.0,debit,,Кафе и рестораны,Вкусно и точка,False
337,2024-05-09,ЮMMoney Комиссия счет №904887,4690.0,debit,,Финансовые услуги,ЮMoney Комиссия,False
338,2024-06-24,OPLATA TOVAROV INVITRO,3309.0,debit,,Здоровье,Инвитро,False
339,2024-04-23,POKUPKA SITIMOBIL MOSKVA,909.0,debit,,Транспорт,Ситимобил,False
340,2024-05-04,POS NAIL BAR,3699.0,debit,,Красота и уход,Nail Bar,False
341,2024-05-06,PRIME*557011,349.0,debit,,Кафе и рестораны,Prime,False
342,2024-05-11,POS METRO,4899.0,debit,,Продукты,Metro,False
343,2024-05-21,CINNABON KRASNOYARSK RUS,3149.0,debit,5812,Кафе и рестораны,Cinnabon,False
344,2024-06-26,YANDES TAKSI,1009.0,debit,4121,Транспорт,Яндекс Такси,False
345,2024-04-14,Перевод СБП Новикова А.А.,35400.0,debit,,Переводы,Новикова А.А.,False
346,2024-06-07,Кэшбэк по карте,80609.0,credit,,Прочие доходы,Ниармедик,False
347,2024-04-03,OPLATA TOVAROV DOMINOS PIZZA,2699.0,debit,,Кафе и рестораны,Dominos Pizza,False
348,2024-06-08,POKPKA RE:STORE KAZAN,26900.0,debit,5734,Электроника и техника,re:Store,False
349,2024-06-03,Оплата Газпром Межрегионгаз л/с 974693,1650.0,debit,4814,ЖКХ и связь,Газпром Межрегионгаз,False
350,2024-06-17,WILDBERRIES,4499.0,debit,,Прочее,,False
351,2024-06-11,OPLATA KINOTEATR KARO,3900.0,debit,,Развлечения,Кинотеатр Каро,False
352,2024-04-26,Внутрибанковский перевод Федорова И.А.,16550.0,debit,,Переводы,Федорова И.А.,False
353,2024-05-12,TERMINAL 424533 SPAR SAMARA,4700.0,debit,5411,Продукты,Spar,False
354,2024-04-09,Выплата премии АО Инновация,36109.0,credit,,Прочие доходы,Связной,False
355,2024-06-08,MAGNIT*85365,4599.0,debit,,Продукты,Магнит,False
356,2024-04-03,Начисление процентов на остаток,80609.0,credit,,Прочие доходы,Учи.ру,False
357,2024-04-16,OPLATA SUSHI WOK,2990.0,debit,5812,Кафе и рестораны,Sushi Wok,False
358,2024-06-28,TERMINAL 67052 VKUSVILL SAMARA,3950.0,debit,5412,Продукты,ВкусВилл,False
359,2024-04-05,Оплата услуг МосЭнергоСбыт,600.0,debit,4814,ЖКХ и связь,МосЭнергоСбыт,False
360,2024-05-01,Foxford счет №245303,1490.0,debit,8220,Образование,Foxford,False
361,2024-06-18,WHOOSH MOSKVA RUS,30.0,debit,5541,Транспорт,Whoosh,False
362,2024-06-22,POKUPKA RENDEZ-VOUS UFA,9900.0,debit,5651,Одежда и обувь,Rendez-Vous,False
363,2024-04-18,KINOPOISK*851941,3750.0,debit,7994,Развлечения,Кинопоиск,False
364,2024-06-22,Списание ЖКУ Водоканал,1900.0,debit,4814,ЖКХ и связь,Водоканал,False
365,2024-04-17,POKUPKA H&M KAZAN,8549.0,debit,5651,Одежда и обувь,H&M,False
366,2024-06-20,OPLATA SHOKOLADNITSA,2590.0,debit,5814,Кафе и рестораны,Шоколадница,False
367,2024-06-04,ИП Сидоров Т.А. частные уроки,10650.0,debit,,Образование,Сидоров Т.А.,False
368,2024-06-26,POS ASHAN,1590.0,debit,,Продукты,Ашан,False
369,2024-06-06,Перевод Сидоров А.П.,20949.0,debit,,Переводы,Сидоров А.П.,False
370,2024-04-11,OPLATA FORMULA KINO,3849.0,debit,5815,Развлечения,Формула Кино,False
371,2024-04-06,Coursera абонентская плата,17250.0,debit,8220,Образование,Coursera,False
372,2024-06-24,AEROFLLOT*299911,48550.0,debit,4112,Путешествия,Аэрофлот,False
373,2024-04-16,PETROVICH,2490.0,debit,,Дом и ремонт,Petrovich,False
374,2024-06-05,ROSNEFT AZS*242238,900.0,debit,7523,Транспорт,Роснефть АЗС,False
375,2024-05-03,OPLATA DIKSI,450.0,debit,5422,Продукты,Дикси,False
376,2024-06-23,OPLATA TOAVROV HOFF,10200.0,debit,,Дом и ремонт,Hoff,False
377,2024-06-09,OPLATA TVAROV SITIMOBIL,1809.0,debit,,Транспорт,Ситимобил,False
378,2024-05-26,OPLATA AEROEKSPRESS,1490.0,debit,7523,Транспорт,Аэроэкспресс,False
379,2024-04-18,Оплата Сбербанк Комиссия л/с 772939,1250.0,debit,6012,Финансовые услуги,Сбербанк Комиссия,False
380,2024-04-02,Оплата услуг Читай-город,12850.0,debit,8299,Образование,Читай-город,False
381,2024-06-14,MOSKOVSKIY METROPOLITEN SAMARA RUS,30.0,debit,4121,Транспорт,Московский метрополитен,False
382,2024-05-03,OPLATA DELIMOBIL,909.0,debit,4111,Транспорт,Delimobil,False
383,2024-06-30,Оплата Газпром Межрегионгаз л/с 194929,3150.0,debit,,ЖКХ и связь,Газпром Межрегионгаз,False
384,2024-04-22,Списание ЖКУ МТС,6009.0,debit,,ЖКХ и связь,МТС,False
385,2024-06-24,OPLATA DELIMOBIL,2200.0,debit,5541,Транспорт,Delimobil,False
386,2024-04-01,MAGNIT*488957,2290.0,debit,,Продукты,Магнит,False
387,2024-04-17,МТС абонентская плата,2100.0,debit,,ЖКХ и связь,МТС,False
388,2024-05-26,ВОЗВРАТ SBP Егоров Е.Е.,45350.0,credit,,Прочие доходы,Zenden,False
389,2024-04-23,ИП Попова Н.Д. электрик услуги,14249.0,debit,,Дом и ремонт,Попова Н.Д.,False
390,2024-06-20,Перевод между своими счетами,44650.0,debit,,Переводы,Морозов В.А.,False
391,2024-04-25,POS EECCO,2290.0,debit,,Одежда и обувь,Ecco,False
392,2024-05-24,TERMINAL 716551 YANDEKS TAKSI KAZAN,499.0,debit,4111,Транспорт,Яндекс Такси,False
393,2024-05-09,KINOPOISK,4249.0,debit,,Развлечения,Кинопоиск,False
394,2024-04-19,METRO*510763,4249.0,debit,5412,Продукты,Metro,False
395,2024-05-03,POS GAZPROMNEFT AZS,2900.0,debit,5541,Транспорт,Газпромнефть АЗС,False
396,2024-04-03,Билайн абонентская плата,1790.0,debit,,ЖКХ и связь,Билайн,False
397,2024-04-06,WILDBERRIES FASHION NOVOSIBIRKS RUS,5599.0,debit,5651,Одежда и обувь,Wildberries Fashion,False
398,2024-05-10,POKUPKA RE:STORE NIZHNIY NOVGOROD,78049.0,debit,5732,Электроника и техника,re:Store,False
399,2024-04-18,ZDRAVSITI*1164633,4599.0,debit,,Здоровье,Здравсити,False
400,2024-06-16,OPLATA TOVAROV DOC+,11000.0,debit,8099,Здоровье,Doc+,False
401,2024-04-17,TERMINAL 648518 DOMINOS PIZZA MOSKVA,1800.0,debit,5812,Кафе и рестораны,Dominos Pizza,False
402,2024-04-26,SM-KLINIKA,6709.0,debit,,Здоровье,СМ-Клиника,False
403,2024-05-14,П2П перевод Кузнецов А.А.,19909.0,credit,,Переводы,Кузнецов А.А.,False
404,2024-05-08,L'ETUAL*369422,3749.0,debit,7298,Красота и уход,Л'Этуаль,False
405,2024-06-13,POKUPKA SPAR KAZAN,5409.0,debit,,Продукты,Spar,False
406,2024-06-19,OPLATA MERTO,5649.0,debit,,Продукты,Metro,False
407,2024-06-25,POS KIONTEATR KARO,1150.0,debit,5815,Развлечения,Кинотеатр Каро,False
408,2024-06-11,POS OZON ELECTRONICS,37300.0,debit,,Электроника и техника,Ozon Electronics,False
409,2024-04-15,POS MOSKOVSKIY METROPOLITNE,199.0,debit,4111,Транспорт,Московский метрополитен,False
410,2024-05-14,Оплата Комиссия за обслуживание л/с 594047,1309.0,debit,6012,Финансовые услуги,Комиссия за обслуживание,False
411,2024-06-13,HOTELTONIGHT,35390.0,debit,4112,Путешествия,Hoteltonight,False
412,2024-04-26,LERUA MERLEN*440892,28600.0,debit,5211,Дом и ремонт,Леруа Мерлен,False
413,2024-05-27,POKUKA KFC KRASNOYARSK,3509.0,debit,,Кафе и рестораны,KFC,False
414,2024-06-17,SUHI WOK*864308,3150.0,debit,5812,Кафе и рестораны,Sushi Wok,False
415,2024-04-21,VKUSVILL NOVOSIBIRSK RUS,3749.0,debit,,Продукты,ВкусВилл,False
416,2024-04-15,OPLATA OVAROV KOFE HAUZ,1509.0,debit,5814,Кафе и рестораны,Кофе Хауз,False
417,2024-06-12,POS APTEKA APREL,1990.0,debit,,Здоровье,Аптека Апрель,False
418,2024-05-06,АльфаСттрахование абонентская плата,3800.0,debit,6051,Финансовые услуги,АльфаСтрахование,False
419,2024-06-25,OPLATA PYATEROCHKA,3100.0,debit,5412,Продукты,Пятёрочка,False
420,2024-06-27,Опплата услуг МТС,7290.0,debit,,ЖКХ и связь,МТС,False
421,2024-04-13,POS DNS,28549.0,debit,,Электроника и техника,DNS,False
422,2024-05-25,OPLATA KFC,3149.0,debit,5812,Кафе и рестораны,KFC,False
423,2024-05-05,OPLATA ASHAN DOM,25550.0,debit,5211,Дом и ремонт,Ашан Дом,False
424,2024-06-15,FORMULA KINO*399055,2750.0,debit,5815,Развлечения,Формула Кино,False
425,2024-06-20,POKUPKA CINNABON SANKT-PETERBURG,2849.0,debit,,Кафе и рестораны,Cinnabon,False
426,2024-05-05,OPLATA RE:STORE,48299.0,debit,,Электроника и техника,re:Store,False
427,2024-05-01,TERMINAL 305704 VKUSVILL ROSTOV-NA-DONU,2600.0,debit,,Продукты,ВкусВилл,False
428,2024-06-20,TUTU.RU,7250.0,debit,4112,Путешествия,Туту.ру,False
429,2024-04-28,ИП Сооклов А.П. парикмахер услуги,4850.0,debit,7298,Красота и уход,Соколов А.П.,False
430,2024-04-14,POS LENTA,3950.0,debit,5422,Продукты,Лента,False
431,2024-06-27,Т2 чсет №293438,2250.0,debit,4900,ЖКХ и связь,Т2,False
432,2024-04-12,MGNIT,3699.0,debit,5422,Продукты,Магнит,False
433,2024-04-28,Зачисление заработной платы ООО Технострой,18209.0,credit,,Прочие доходы,Подружка,False
434,2024-05-06,POS PLAYSTATION STORE,4349.0,debit,7832,Развлечения,PlayStation Store,False
435,2024-04-07,OPLATA TOVAROV MAGNIT,2700.0,debit,5422,Продукты,Магнит,False
436,2024-04-19,POKUPKA DOMINOS PIZZA VORONEZH,1350.0,debit,5812,Кафе и рестораны,Dominos Pizza,False
437,2024-04-27,ЮMoney Комиссия счет №719666,2349.0,debit,,Финансовые услуги,ЮMoney Комиссия,False
438,2024-06-25,ИП Смирнов О.А. консультация врача,14699.0,debit,8099,Здоровье,Смирнов О.А.,False
439,2024-05-09,SALON KRASOTY STIL,2900.0,debit,7298,Красота и уход,Салон Красоты Стиль,False
440,2024-06-16,OBI EKATERINBURG RUS,2809.0,debit,5200,Дом и ремонт,ОБИ,False
441,2024-06-26,AVITO USLUGI,299.0,debit,,Прочее,,False
442,2024-04-16,TERMINAL 596642 RENDEZ-VOUS KRASNOYARSK,5300.0,debit,,Одежда и обувь,Rendez-Vous,False
443,2024-04-03,Зачисление заработной платы ООО Альянс,72700.0,credit,,Прочие доходы,Лукойл АЗС,False
444,2024-04-28,Внутрибанковский перевод Кузнецова Д.В.,15050.0,debit,,Переводы,Кузнецова Д.В.,False
445,2024-04-12,H&M ROSTOV-NA-DONU RUS,3949.0,debit,5651,Одежда и обувь,H&M,False
446,2024-05-01,GeekBrains счет №100335,7149.0,debit,,Образование,GeekBrains,False
447,2024-05-10,STEAM*83301,2349.0,debit,5815,Развлечения,Steam,False
448,2024-04-25,Ренессанс Страхование счет №476244,2700.0,debit,,Финансовые услуги,Ренессанс Страхование,False
449,2024-04-23,OPLATA TOVAROV YANDEKS PLYUS,4150.0,debit,7994,Развлечения,Яндекс Плюс,False
450,2024-06-11,SBP PEREVOD Новиков О.А.,18290.0,debit,,Переводы,Новиков О.А.,False
451,2024-05-27,TERMINAL 335132 OSTROVOK CHELYABINSK,54709.0,debit,7011,Путешествия,ОстровОК,False
452,2024-05-06,ZDRVASITI KAZAN RUS,3899.0,debit,8099,Здоровье,Здравсити,False
453,2024-06-08,RIME,3299.0,debit,,Кафе и рестораны,Prime,False
454,2024-05-09,OPLLATA TOVAROV SHOKOLADNITSA,1300.0,debit,,Кафе и рестораны,Шоколадница,False
455,2024-04-25,OPLATA RE:STORE,58090.0,debit,5732,Электроника и техника,re:Store,False
456,2024-05-21,POS PODRUZHKA,2100.0,debit,,Красота и уход,Подружка,False
457,2024-06-08,TERMINAL 845986 WINK UFA,1450.0,debit,7832,Развлечения,Wink,False
458,2024-05-21,OPLATA TOVAROV ELDORADO,47350.0,debit,5732,Электроника и техника,Эльдорадо,False
459,2024-06-28,OPLATA TVAROV TEREMOK,2099.0,debit,,Кафе и рестораны,Теремок,False
460,2024-04-10,METRO,4099.0,debit,5412,Продукты,Metro,False
461,2024-05-29,OPLATA LUKOYL AZS,2550.0,debit,7523,Транспорт,Лукойл АЗС,False
462,2024-05-26,DOMINOS PIZZZA SANKT-PETERBURG RUS,1409.0,debit,5812,Кафе и рестораны,Dominos Pizza,False
463,2024-04-02,TERMINAL 972502 MOSKOVSKIY METROPOLITEN SAMARA,2100.0,debit,,Транспорт,Московский метрополитен,False
464,2024-05-03,OPLATA IVI,3749.0,debit,,Развлечения,IVI,False
465,2024-05-22,POKUPKA PYATEROCHKA MOSKVA,3900.0,debit,5422,Продукты,Пятёрочка,False
466,2024-04-15,OPLATA SUSHI WOK,2909.0,debit,,Кафе и рестораны,Sushi Wok,False
467,2024-05-25,OPLATA TOVAROV HOFF,8009.0,debit,5200,Дом и ремонт,Hoff,False
468,2024-04-20,Читай-город абонентская плата,23649.0,debit,8220,Образование,Читай-город,False
469,2024-05-07,METRO KRANOYARSK RUS,4290.0,debit,5422,Продукты,Metro,False
470,2024-05-03,ТСЖ Пример абонентская плата,1649.0,debit,4814,ЖКХ и связь,ТСЖ Пример,False
471,2024-04-15,PLAYSTATION STORE SANKTT-PETERBURG RUS,2690.0,debit,7832,Развлечения,PlayStation Store,False
472,2024-05-30,егафон абонентская плата,7890.0,debit,,ЖКХ и связь,Мегафон,False
473,2024-04-01,OPLATA TOVVAROV SUSHI WOK,1790.0,debit,,Кафе и рестораны,Sushi Wok,False
474,2024-04-14,Т2 счет 2№69672,2890.0,debit,4814,ЖКХ и связь,Т2,False
475,2024-06-14,Внутрибанковский перевод Новиков В.И.,19150.0,credit,,Переводы,Новиков В.И.,False
476,2024-05-06,POKUPKA ZEDEN MOSKVA,2099.0,debit,,Одежда и обувь,Zenden,False
477,2024-05-06,IKEA,29299.0,debit,,Дом и ремонт,IKEA,False
478,2024-04-20,Перевод между своими счетами,15850.0,debit,,Переводы,Смирнов В.М.,False
479,2024-04-28,TOPGUN ARBERSHOP MOSKVA RUS,2309.0,debit,7230,Красота и уход,TopGun Barbershop,False
480,2024-06-12,Списание ЖКУ МосЭнергоСбыт,3800.0,debit,,ЖКХ и связь,МосЭнергоСбыт,False
481,2024-05-27,OPLATA MAGNIT,1290.0,debit,,Продукты,Магнит,False
482,2024-04-05,WHOOSH,500.0,debit,7523,Транспорт,Whoosh,False
483,2024-05-20,S7 AIRLINES,41150.0,debit,4511,Путешествия,S7 Airlines,False
484,2024-05-19,Перевод по номеру телефона +7 994 591-68-90,47749.0,debit,,Переводы,Иванова Ю.Т.,False
485,2024-04-09,Зачисление заработной платы АО Инновация,19100.0,credit,,Прочие доходы,Мегафон,False
486,2024-06-19,Оплата услуг Ростелкеом,3390.0,debit,4814,ЖКХ и связь,Ростелеком,False
487,2024-04-29,POKUPKA AEROFLOT EKATERINBURG,17809.0,debit,7011,Путешествия,Аэрофлот,False
488,2024-04-26,POS STEAM,909.0,debit,5815,Развлечения,Steam,False
489,2024-05-14,OPLATA TOVAROV LIME,3549.0,debit,5661,Одежда и обувь,LIME,False
490,2024-04-05,TERMINAL 662322 MU-MU NOVOSIBIRSK,399.0,debit,,Кафе и рестораны,Му-Му,False
491,2024-05-06,POKUPKA KFC KRASNOYARSK,2549.0,debit,5814,Кафе и рестораны,KFC,False
492,2024-04-25,Списание ЖКУ МТС,5599.0,debit,,ЖКХ и связь,МТС,False
493,2024-04-19,DDIKSI,2600.0,debit,5422,Продукты,Дикси,False
494,2024-05-11,OPLATA LUKOYL AZS,309.0,debit,4121,Транспорт,Лукойл АЗС,False
495,2024-05-28,ИП Соколов М.Е. электрик услуги,22750.0,debit,,Дом и ремонт,Соколов М.Е.,False
496,2024-06-16,ЕИРЦ абонентская плаата,1149.0,debit,4814,ЖКХ и связь,ЕИРЦ,False
497,2024-04-29,OPLATA TOVAROV PYATEROCHKA,5209.0,debit,,Продукты,Пятёрочка,False
498,2024-04-02,TERMINAL 844726 DOC+ NIZHNIY NOVGOROD,2000.0,debit,5912,Здоровье,Doc+,False
499,2024-04-23,VKUSVILL MOSKVA RUS,3950.0,debit,,Продукты,ВкусВилл,False
500,2024-04-02,POS ELDORADO,38100.0,debit,5732,Электроника и техника,Эльдорадо,False
501,2024-06-24,OPLATA TOVAROV SPAR,3590.0,debit,5412,Продукты,Spar,False
502,2024-04-17,Оплата услуг ЕИРЦ,3650.0,debit,,ЖКХ и связь,ЕИРЦ,False
503,2024-04-05,POS KARI,6049.0,debit,,Одежда и обувь,Kari,False
504,2024-06-16,SPRA,1709.0,debit,5412,Продукты,Spar,False
505,2024-05-01,SVYAZNOY*471103,2199.0,debit,,Электроника и техника,Связной,False
506,2024-04-07,PEREKRESTOK SAMARA RUS,2149.0,debit,,Продукты,Перекресток,False
507,2024-06-10,TERMINAL 438110 SM-KLINIKA VORONEZH,10109.0,debit,8011,Здоровье,СМ-Клиника,False
508,2024-04-14,POS METRO,4090.0,debit,5411,Продукты,Metro,False
509,2024-05-16,POS ROSNEFT AZS,2999.0,debit,,Транспорт,Роснефть АЗС,False
510,2024-04-29,VKUSNO I TOCHKA,690.0,debit,5812,Кафе и рестораны,Вкусно и точка,False
511,2024-04-26,LUKOYL AZS,890.0,debit,,Транспорт,Лукойл АЗС,False
512,2024-04-13,MAGNIT KOSMETIK,6400.0,debit,,Красота и уход,Магнит Косметик,False
513,2024-04-27,SITMOBIL,499.0,debit,,Транспорт,Ситимобил,False
514,2024-05-05,OPLATA YANDEX TRAVEL,20790.0,debit,4511,Путешествия,Yandex Travel,False
515,2024-05-14,СОГАЗ абонентская плата,1749.0,debit,6051,Финансовые услуги,СОГАЗ,False
516,2024-05-09,PRIME NIZHNIY NOVGOROD RUS,2290.0,debit,5814,Кафе и рестораны,Prime,False
517,2024-05-10,DDIKSI*990583,4800.0,debit,5412,Продукты,Дикси,False
518,2024-06-23,ASHAN,4009.0,debit,5422,Продукты,Ашан,False
519,2024-05-21,TERMINAL 422530 BOULING KOSMIK KAZAN,3599.0,debit,,Развлечения,Боулинг Космик,False
520,2024-04-13,AVITO USLUGI,8249.0,debit,,Прочее,,False
521,2024-04-08,ROSNEFT AZS SAMARA RUS,2309.0,debit,5541,Транспорт,Роснефть АЗС,False
522,2024-06-14,POS MTS MAGAZIN,31509.0,debit,,Электроника и техника,МТС Магазин,False
523,2024-06-10,ONEPRICE KAZAN RUS,2799.0,debit,,Красота и уход,OnePrice,False
524,2024-06-16,POS M.VIDEO,24650.0,debit,,Электроника и техника,М.Видео,False
525,2024-05-04,POS AEROFLOT,8309.0,debit,,Путешествия,Аэрофлот,False
526,2024-04-06,Возврат покупки Парк Горького,31599.0,credit,,Прочие доходы,Парк Горького,False
527,2024-05-15,POKUPKA MU-MU KRASNOYARSK,3000.0,debit,5812,Кафе и рестораны,Му-Му,False
528,2024-05-01,POKUPKA SPAR SANKT-PETERBURG,2500.0,debit,5411,Продукты,Spar,False
529,2024-05-28,OPLATA VKUSVILL,2549.0,debit,5412,Продукты,ВкусВилл,False
530,2024-06-10,TERMINAL 462457 METRO SAMARA,5609.0,debit,,Продукты,Metro,False
531,2024-05-03,OPLATA TOVAROV PETROVICH,15549.0,debit,5211,Дом и ремонт,Petrovich,False
532,2024-05-09,POKUPKA RENDEZ-VOUS MOSKVA,11000.0,debit,,Одежда и обувь,Rendez-Vous,False
533,2024-05-23,KOFE HAUZ*600538,2100.0,debit,5814,Кафе и рестораны,Кофе Хауз,False
534,2024-06-03,POKUPKA LERUA MERLEN NOVOSIBIRSK,1799.0,debit,,Дом и ремонт,Леруа Мерлен,False
535,2024-04-19,OPLATA TOPGUN BARBERSHOP,7050.0,debit,7298,Красота и уход,TopGun Barbershop,False
536,2024-04-27,TERMINAL 499312 SPAR NIZHNIY NOVGOROD,5090.0,debit,,Продукты,Spar,False
537,2024-05-09,OPLATA TOVAROV RENDEZ-VOUS,4249.0,debit,,Одежда и обувь,Rendez-Vous,False
538,2024-04-09,TERMINAL 356465 POBEDA EKATERINBURG,57550.0,debit,,Путешествия,Победа,False
539,2024-04-09,MAGNIT,4699.0,debit,5411,Продукты,Магнит,False
540,2024-04-27,Совкомбанк Страхование абонентская плата,3849.0,debit,6051,Финансовые услуги,Совкомбанк Страхование,False
541,2024-04-01,Зачисление заработной платы ООО Технострой,70890.0,credit,,Прочие доходы,М.Видео,False
542,2024-05-18,OPLATA METRO,2049.0,debit,5411,Продукты,Metro,False
543,2024-04-22,TERMINAL 26225 DIKSI NOVOSIBIRSK,2099.0,debit,5411,Продукты,Дикси,False
544,2024-06-07,POS SITIDRAAYV,549.0,debit,,Транспорт,Ситидрайв,False
545,2024-06-15,ИП Иванова П.Е. мастер по ремонту,9950.0,debit,,Дом и ремонт,Иванова П.Е.,False
546,2024-05-12,Зачисление заработной платы ООО СтройГрад,45849.0,credit,,Прочие доходы,СОГАЗ,False
547,2024-06-28,Оплата услуг МТС,3450.0,debit,4900,ЖКХ и связь,МТС,False
548,2024-05-04,Оплата услуг Учи.ру,16490.0,debit,8299,Образование,Учи.ру,False
549,2024-04-23,MAGNIT KRASNOYARSK RUS,2390.0,debit,,Продукты,Магнит,False
550,2024-06-30,ASHAN DOM,28849.0,debit,5211,Дом и ремонт,Ашан Дом,False
551,2024-06-03,POS M.VIDEO,54599.0,debit,,Электроника и техника,М.Видео,False
552,2024-06-13,POS METRO,1950.0,debit,,Продукты,Metro,False
553,2024-04-10,CHOP-CHOP BARBERSHOP CHELYABINSK RUS,6409.0,debit,,Красота и уход,Chop-Chop Barbershop,False
554,2024-04-03,Перевод между своими счетами,47999.0,debit,,Переводы,Егоров А.А.,False
555,2024-05-11,WILDBERRIES FASHION,10809.0,debit,5661,Одежда и обувь,Wildberries Fashion,False
556,2024-05-16,OPLATA 'KEY,5850.0,debit,,Продукты,О'Кей,False
557,2024-06-29,YANDEX MARKET,8409.0,debit,,Прочее,,False
558,2024-06-02,OPLLATA TOVAROV SALON KRASOTY STIL,7399.0,debit,7298,Красота и уход,Салон Красоты Стиль,False
559,2024-04-10,MOSKOVSKIY METROPOLITEN,2149.0,debit,4121,Транспорт,Московский метрополитен,False
560,2024-04-19,Списание ЖКУ Т2,1690.0,debit,,ЖКХ и связь,Т2,False
561,2024-04-25,POKUPKA WHOOSH UFA,2290.0,debit,4121,Транспорт,Whoosh,False
562,2024-06-30,IVI,3109.0,debit,5815,Развлечения,IVI,False
563,2024-05-15,TERMINAL 886356 YANDEKS TAKSI NIZHNIY NOVGOROD,809.0,debit,7523,Транспорт,Яндекс Такси,False
564,2024-06-06,Совкомбанк Страхование абонентская плата,2150.0,debit,6051,Финансовые услуги,Совкомбанк Страхование,False
565,2024-05-30,Комиссия за обслуживание счет №847906,4850.0,debit,,Финансовые услуги,Комиссия за обслуживание,False
566,2024-05-19,KUSVILL*326903,2600.0,debit,5422,Продукты,ВкусВилл,False
567,2024-05-31,ВОЗВРАТ SBP Кузнецова А.Е.,73949.0,credit,,Прочие доходы,KFC,False
568,2024-05-13,OPLATA TOVAORV DNS,7300.0,debit,,Электроника и техника,DNS,False
569,2024-06-22,Оплата услуг Комиссия за обслуживание,349.0,debit,,Финансовые услуги,Комиссия за обслуживание,False
570,2024-05-03,ИП Иванов М.Ю. репетитор математики,15650.0,debit,8220,Образование,Иванов М.Ю.,False
571,2024-06-27,Оплата Т2 л/с 923682,1009.0,debit,,ЖКХ и связь,Т2,False
572,2024-06-06,YYANDEX TRAVEL*617366,43049.0,debit,,Путешествия,Yandex Travel,False
573,2024-06-07,Начисление процентов на остаток,65250.0,credit,,Прочие доходы,АльфаСтрахование,False
574,2024-05-22,KFC,2109.0,debit,,Кафе и рестораны,KFC,False
575,2024-04-25,POKUPKA ONEPRICE NOVOSIBIRSK,2999.0,debit,,Красота и уход,OnePrice,False
576,2024-06-05,POKPKA PARK GORKOGO KRASNOYARSK,1290.0,debit,,Развлечения,Парк Горького,False
577,2024-04-19,OPLATA TOVAROV APTEKA APREL,7109.0,debit,8099,Здоровье,Аптека Апрель,False
578,2024-04-10,Списание ЖКУ ЕИРЦ,1100.0,debit,4900,ЖКХ и связь,ЕИРЦ,False
579,2024-05-19,BOOKING.COM VORONEZH RUS,15109.0,debit,,Путешествия,Booking.com,False
580,2024-04-20,TERMINAL 194194 PRIME EKATERINBURG,200.0,debit,5812,Кафе и рестораны,Prime,False
581,2024-05-25,Перевод СБП Сидорова А.А.,48790.0,debit,,Переводы,Сидорова А.А.,False
582,2024-06-18,Списание ЖКУ ВТБ Страхование,900.0,debit,6051,Финансовые услуги,ВТБ Страхование,False
583,2024-05-22,POKUPKA PYATEROCHKA KRASNOYARSK,5399.0,debit,,Продукты,Пятёрочка,False
584,2024-06-12,П2П перевод Кузнецова Е.А.,43900.0,debit,,Переводы,Кузнецова Е.А.,False
585,2024-06-25,VKUSNO I TOCHKA EKATERINBURG RUS,1649.0,debit,5812,Кафе и рестораны,Вкусно и точка,False
586,2024-04-26,POS DOC+,999.0,debit,,Здоровье,Doc+,False
587,2024-04-09,KARI SAMAAR RUS,2450.0,debit,,Одежда и обувь,Kari,False
588,2024-05-01,OPLATA TOVAROV LUKOYL AZS,1109.0,debit,7523,Транспорт,Лукойл АЗС,False
589,2024-05-04,TERMINAL 670102 LENTA UFA,3500.0,debit,5411,Продукты,Лента,False
590,2024-06-20,SBP PEREVOD Кузнецова М.О.,12800.0,debit,,Переводы,Кузнецова М.О.,False
591,2024-05-02,DOMINOS PIZZA*242358,1949.0,debit,5814,Кафе и рестораны,Dominos Pizza,False
592,2024-05-28,PRIME*844584,1200.0,debit,5812,Кафе и рестораны,Prime,False
593,2024-06-01,POS SALON KRASOTY STIL,4500.0,debit,,Красота и уход,Салон Красоты Стиль,False
594,2024-06-06,ИП Петрова ДА. услуги перевозки,2209.0,debit,,Транспорт,Петрова Д.А.,False
595,2024-05-10,Внутрибанковский перевод Новиков Ю.В.,14199.0,credit,,Переводы,Новиков Ю.В.,False
596,2024-05-01,Skillbox счет №799134,21790.0,debit,8220,Образование,Skillbox,False
597,2024-05-07,OPLATA TOVAROV KFC,1400.0,debit,5812,Кафе и рестораны,KFC,False
598,2024-05-22,OPLATA TOVAROV DIKSI,390.0,debit,5411,Продукты,Дикси,False
599,2024-04-04,Выплата премии ООО Ромашка,20350.0,credit,,Прочие доходы,Максидом,False
600,2024-06-11,POS DIKSI,3400.0,debit,,Продукты,Дикси,False
601,2024-06-22,Лабиринт счет №959138,21750.0,debit,8299,Образование,Лабиринт,False
602,2024-04-05,OPLATA INVITRO,6899.0,debit,5912,Здоровье,Инвитро,False
603,2024-05-25,HOTELTONIGHT,29890.0,debit,7011,Путешествия,Hoteltonight,False
604,2024-06-14,OLATA CASTORAMA,25850.0,debit,5211,Дом и ремонт,Castorama,False
605,2024-06-10,OPLATA TVOAROV BILAYN RITEYL,25109.0,debit,,Электроника и техника,Билайн Ритейл,False
606,2024-05-04,POS PARK GORKOO,1500.0,debit,,Развлечения,Парк Горького,False
607,2024-06-19,ИП Соколов А.Д. барбер услуги,7050.0,debit,7230,Красота и уход,Соколов А.Д.,False
608,2024-05-08,OPLATA TOVAROV LENTA,4399.0,debit,5411,Продукты,Лента,False
609,2024-04-02,TERMINAL 481067 KFC NOVOSIBIRSK,2709.0,debit,5814,Кафе и рестораны,KFC,False
610,2024-06-03,POS OBI,8900.0,debit,,Дом и ремонт,ОБИ,False
611,2024-05-02,OPLAA ROSNEFT AZS,1290.0,debit,4111,Транспорт,Роснефть АЗС,False
612,2024-05-29,OPLATA TOVAROV ZARA,5090.0,debit,5651,Одежда и обувь,Zara,False
613,2024-06-13,ИП Сидорова Т.Н. стоматолог кабинет,1409.0,debit,8011,Здоровье,Сидорова Т.Н.,False
614,2024-05-11,POKUPKA PLAYSTATION STORE KAZAN,3190.0,debit,7994,Развлечения,PlayStation Store,False
615,2024-04-05,Оплата услуг Билайн,3690.0,debit,4900,ЖКХ и связь,Билайн,False
616,2024-05-12,OPLATA TOVAROV HOTELTONIIGHT,40009.0,debit,,Путешествия,Hoteltonight,False
617,2024-06-05,MOSKOVSKIY METROPOLITEN,2390.0,debit,4121,Транспорт,Московский метрополитен,False
618,2024-04-06,ИП Соколова И.Е. репетитор английского,2000.0,debit,,Образование,Соколова И.Е.,False
619,2024-04-12,POKUPKA VKUSNO I TOCHKA VORONEZH,699.0,debit,5812,Кафе и рестораны,Вкусно и точка,False
620,2024-06-29,TERMINAL 985532 KFC ROSTOV-NA-DONU,1000.0,debit,5812,Кафе и рестораны,KFC,False
621,2024-05-26,DIKSI*13563,2800.0,debit,,Продукты,Дикси,False
622,2024-04-23,MU-MU,1749.0,debit,5812,Кафе и рестораны,Му-Му,False
623,2024-06-13,POS METRO,5809.0,debit,5422,Продукты,Metro,False
624,2024-04-17,WINK*893919,600.0,debit,,Развлечения,Wink,False
625,2024-05-22,ONEPRICE KRASNOYARSK RUS,7990.0,debit,7230,Красота и уход,OnePrice,False
626,2024-06-04,ETRMINAL 795029 KFC VORONEZH,1699.0,debit,5814,Кафе и рестораны,KFC,False
627,2024-06-25,OPLATA TOVAROV SHOKOLADNITSA,799.0,debit,,Кафе и рестораны,Шоколадница,False
628,2024-04-06,POS STOLIHCKI,3200.0,debit,,Здоровье,Столички,False
629,2024-06-22,Оплата Яндекс Практикум л/с 547802,11300.0,debit,8299,Образование,Яндекс Практикум,False
630,2024-06-04,Кэшбэк по карте,15749.0,credit,,Прочие доходы,Delimobil,False
631,2024-06-08,OPLATA KINOPOISK,1709.0,debit,5815,Развлечения,Кинопоиск,False
632,2024-05-01,OPLATA TOVAROV GAZPROMNEFT AZS,299.0,debit,4121,Транспорт,Газпромнефть АЗС,False
633,2024-05-23,TERMINAL 798257 SPAR HELYABINSK,2600.0,debit,,Продукты,Spar,False
634,2024-05-13,POKUPKA MU-MU ROSTOV-NA-DONU,1150.0,debit,5814,Кафе и рестораны,Му-Му,False
635,2024-06-30,OPLATA TOVAROV TEREMOK,2990.0,debit,5812,Кафе и рестораны,Теремок,False
636,2024-05-14,PYATEROCHKA*516326,2550.0,debit,,Продукты,Пятёрочка,False
637,2024-06-15,POS DIKSI,500.0,debit,,Продукты,Дикси,False
638,2024-04-29,POKUPKA STEAM UFA,4709.0,debit,7994,Развлечения,Steam,False
639,2024-05-15,SUSHI WOK,1890.0,debit,5812,Кафе и рестораны,Sushi Wok,False
640,2024-05-29,Выплата премии ООО Ромашка,84990.0,credit,,Прочие доходы,Nail Bar,False
641,2024-06-20,POKUPKKA KINOPOISK UFA,4650.0,debit,,Развлечения,Кинопоиск,False
642,2024-04-07,POKUPKA OBI CHELYABINSK,20849.0,debit,,Дом и ремонт,ОБИ,False
643,2024-06-17,POS DIKSI,5209.0,debit,,Продукты,Дикси,False
644,2024-04-29,Внутрибанковский перевод Новиков Е.Ю.,34900.0,debit,,Переводы,Новиков Е.Ю.,False
645,2024-06-09,OPLATA KINOTEATR KARO,2709.0,debit,5815,Развлечения,Кинотеатр Каро,False
646,2024-06-05,Перевод по номеру телефона +7 972 286-74-24,22590.0,debit,,Переводы,Попова С.А.,False
647,2024-04-10,POKUPKA ZARA VORONEZH,3450.0,debit,5651,Одежда и обувь,Zara,False
648,2024-04-05,TERMINAL 131738 SM-KLINIKA SANKT-PETERBURG,5249.0,debit,8011,Здоровье,СМ-Клиника,False
649,2024-06-30,POS APTEKA RIGLA,10000.0,debit,8099,Здоровье,Аптека Ригла,False
650,2024-04-04,POS PRIME,3049.0,debit,5814,Кафе и рестораны,Prime,False
651,2024-05-19,PEREKRESTOK NIZHNIY NOVGOROD RUS,2449.0,debit,5412,Продукты,Перекресток,False
652,2024-04-24,ВОЗВРАТ SBP Иванов Т.О.,2400.0,credit,,Прочие доходы,ЕИРЦ,False
653,2024-06-30,OPLATA TOVAROV INVITRO,13049.0,debit,5912,Здоровье,Инвитро,False
654,2024-05-17,Списание ЖКУ Комисия за обслуживание,1250.0,debit,6012,Финансовые услуги,Комиссия за обслуживание,False
655,2024-06-14,Оплата услуг Т2,4909.0,debit,4900,ЖКХ и связь,Т2,False
656,2024-06-16,POS SPAR,3350.0,debit,5412,Продукты,Spar,False
657,2024-06-10,SVYAZNOY KRASNOYARSK RUS,56100.0,debit,5732,Электроника и техника,Связной,False
658,2024-04-23,POS PEREKRESTOK,4009.0,debit,5411,Продукты,Перекресток,False
659,2024-05-13,SPAR*15295,5409.0,debit,,Продукты,Spar,False
660,2024-06-16,ZENDEN CHELYABINSK RUS,3800.0,debit,5651,Одежда и обувь,Zenden,False
661,2024-05-07,TERMINAL 605941 SITIDRAYV NIZHNIY NOVGOROD,949.0,debit,7523,Транспорт,Ситидрайв,False
662,2024-06-14,AVITO USLUGI,3709.0,debit,,Прочее,,False
663,2024-06-02,O'KEY KRASNOYARSK RUS,3250.0,debit,5412,Продукты,О'Кей,False
664,2024-05-22,POS TOPGUN BARBERSHOP,6809.0,debit,7298,Красота и уход,TopGun Barbershop,False
665,2024-06-03,OPLATA ZENDEN,8650.0,debit,,Одежда и обувь,Zenden,False
666,2024-06-02,NAIL BAR*161119,1909.0,debit,,Красота и уход,Nail Bar,False
667,2024-06-10,OPLATA TOVAROV SHOKOLADNITSA,3909.0,debit,,Кафе и рестораны,Шоколадница,False
668,2024-05-11,TERMINAL 354800 KINOTEATR KARO ROSTOV-NA-DONU,2599.0,debit,,Развлечения,Кинотеатр Каро,False
669,2024-06-24,ИП Егорова Т.А. консультация врача,6090.0,debit,8099,Здоровье,Егорова Т.А.,False
670,2024-06-05,POKUPKA SM-KLINIKA SAMRA,13490.0,debit,8099,Здоровье,СМ-Клиника,False
671,2024-06-23,Внутрибанковский перевод Федорова Т.Ю.,18850.0,debit,,Переводы,Федорова Т.Ю.,False
672,2024-06-24,WILDBERRIES,9790.0,debit,,Прочее,,False
673,2024-04-29,ИП Волков А.О. частный извоз,1200.0,debit,7523,Транспорт,Волков А.О.,False
674,2024-05-02,POKUPKA OZON ELECTRONICS VORONEZH,62109.0,debit,,Электроника и техника,Ozon Electronics,False
675,2024-06-02,POLATA TOVAROV ECCO,6109.0,debit,,Одежда и обувь,Ecco,False
676,2024-04-09,OPLATA TOVAROV AEROFLOT,6549.0,debit,7011,Путешествия,Аэрофлот,False
677,2024-06-07,Выплата премии ООО Логистик,64249.0,credit,,Прочие доходы,Prime,False
678,2024-06-04,PRIME,2249.0,debit,5812,Кафе и рестораны,Prime,False
679,2024-04-08,POKUPKA KOFE HAUZ NOVOSIBIRSK,3200.0,debit,5812,Кафе и рестораны,Кофе Хауз,False
680,2024-06-09,ASHAN DOM,15399.0,debit,,Дом и ремонт,Ашан Дом,False
681,2024-05-24,DIKSI,5649.0,debit,,Продукты,Дикси,False
682,2024-04-26,POKUPKA O'KEY SAMARA,1999.0,debit,,Продукты,О'Кей,False
683,2024-06-13,OPLATA VKUSVILL,1590.0,debit,5411,Продукты,ВкусВилл,False
684,2024-05-29,METRO ROSTOV-NA-DONU RUS,949.0,debit,5422,Продукты,Metro,False
685,2024-06-21,OPLATA TOVAROV ZDRAVSITI,10209.0,debit,5912,Здоровье,Здравсити,False
686,2024-05-08,SPORTMASTER KRASNOYARSK RUS,8049.0,debit,,Одежда и обувь,Спортмастер,False
687,2024-04-04,TERMINAL 28168 LUKOYL AZS CHELYABINSK,799.0,debit,4111,Транспорт,Лукойл АЗС,False
688,2024-06-12,OPLATA TEREMOK,1599.0,debit,,Кафе и рестораны,Теремок,False
689,2024-06-15,Оплата услуг Яндекс Практикум,24250.0,debit,,Образование,Яндекс Практикум,False
690,2024-06-24,Оплата Coursera л/с 101181,17699.0,debit,8220,Образование,Coursera,False
691,2024-04-30,STOLICHKI*846241,14549.0,debit,8011,Здоровье,Столички,False
692,2024-04-01,POKUPKA CASTROAMA MOSKVA,27509.0,debit,,Дом и ремонт,Castorama,False
693,2024-05-26,SBP PEREVOD Кузнецов О.Т.,39949.0,credit,,Переводы,Кузнецов О.Т.,False
694,2024-06-19,ONEPRICE VORONEZH RUS,999.0,debit,7298,Красота и уход,OnePrice,False
695,2024-06-29,DNS SANKT-PETERBURG RUS,5009.0,debit,5734,Электроника и техника,DNS,False
696,2024-04-02,POKUPKA MAKSIDOM KRASNOYARSK,20609.0,debit,,Дом и ремонт,Максидом,False
697,2024-04-07,Перевод СБП Соколова А.Ю.,26799.0,debit,,Переводы,Соколова А.Ю.,False
698,2024-04-24,Водоканал счет №45413,7709.0,debit,,ЖКХ и связь,Водоканал,False
699,2024-06-09,OPLATA KINOPOISK,2700.0,debit,5815,Развлечения,Кинопоиск,False
700,2024-05-24,RE:STORE*959445,66600.0,debit,5734,Электроника и техника,re:Store,False
701,2024-04-12,Перевод между своими счетами,25800.0,credit,,Переводы,Кузнецова А.А.,False
702,2024-06-07,Списание ЖКУ ЮMoney Комиссия,1699.0,debit,6051,Финансовые услуги,ЮMoney Комиссия,False
703,2024-05-09,DIKSI,1349.0,debit,5411,Продукты,Дикси,False
704,2024-05-15,MAGNIT,1650.0,debit,5412,Продукты,Магнит,False
705,2024-05-06,POS SITIDRAYV,1950.0,debit,5541,Транспорт,Ситидрайв,False
706,2024-06-10,AROFLOT NIZHNIY NOVGOROD RUS,25899.0,debit,,Путешествия,Аэрофлот,False
707,2024-05-20,POS LIME,6809.0,debit,,Одежда и обувь,LIME,False
708,2024-06-24,TERMINLA 138801 ROSNEFT AZS ROSTOV-NA-DONU,499.0,debit,4121,Транспорт,Роснефть АЗС,False
709,2024-05-30,PEREKRESTOK,1800.0,debit,,Продукты,Перекресток,False
710,2024-06-05,ASHAN DOM NOVOSIBIRSK RUS,25909.0,debit,5200,Дом и ремонт,Ашан Дом,False
711,2024-06-14,POKUPKA IKEA VORONEZH,17809.0,debit,5211,Дом и ремонт,IKEA,False
712,2024-06-24,Пополнение счета от Смирнов С.О.,55500.0,credit,,Прочие доходы,Лента,False
713,2024-04-26,POS STEAM,1399.0,debit,7832,Развлечения,Steam,False
714,2024-06-07,STAM,3690.0,debit,7832,Развлечения,Steam,False
715,2024-06-18,PYATEROCHKA,1350.0,debit,5422,Продукты,Пятёрочка,False
716,2024-04-04,POS DIKSI,2100.0,debit,5411,Продукты,Дикси,False
717,2024-05-31,Списание ЖКУ Водоканал,3049.0,debit,4814,ЖКХ и связь,Водоканал,False
718,2024-06-25,TERMINAL 92468 DELIMOBIL UFA,409.0,debit,,Транспорт,Delimobil,False
719,2024-04-12,MU-MU KRASNOYARSK RUS,3700.0,debit,,Кафе и рестораны,Му-Му,False
720,2024-04-20,OPLATA TOVAROV PEERKRESTOK,850.0,debit,5412,Продукты,Перекресток,False
721,2024-04-27,Возврат покупки Cinnabon,43549.0,credit,,Прочие доходы,Cinnabon,False
722,2024-06-23,Сбербанк Комиссия счет №288465,600.0,debit,,Финансовые услуги,Сбербанк Комиссия,False
723,2024-04-20,TERMINAL 520072 LIME VORONEZH,10500.0,debit,5661,Одежда и обувь,LIME,False
724,2024-04-16,ВОЗВРАТ SBP Соколов А.С.,14490.0,credit,,Прочие доходы,Пятёрочка,False
725,2024-05-03,OZON.RU,9249.0,debit,,Прочее,,False
726,2024-04-23,POS ASHAN DOM,8200.0,debit,5211,Дом и ремонт,Ашан Дом,False
727,2024-06-24,KFC,3799.0,debit,,Кафе и рестораны,KFC,False
728,2024-04-21,OPLATA VKUSVILL,3899.0,debit,5422,Продукты,ВкусВилл,False
729,2024-06-29,POKUPKA OSTROVOK VORONEZH,18300.0,debit,,Путешествия,ОстровОК,False
730,2024-04-17,POS INVITRO,409.0,debit,,Здоровье,Инвитро,False
731,2024-06-04,TERMINAL 992592 DNS VORONEZH,69609.0,debit,,Электроника и техника,DNS,False
732,2024-05-14,SBP PEREVOD Морозова М.А.,22309.0,credit,,Переводы,Морозова М.А.,False
733,2024-06-28,OPLATA VUKSNO I TOCHKA,2309.0,debit,5814,Кафе и рестораны,Вкусно и точка,False
734,2024-05-30,POKUPKA SPORTMASTER NOVOSIBIRSK,7400.0,debit,5661,Одежда и обувь,Спортмастер,False
735,2024-05-13,TERMINAL 106102 SVYAZNOY KRASNOYARSK,11400.0,debit,,Электроника и техника,Связной,False
736,2024-04-15,OLPATA STEAM,3999.0,debit,7994,Развлечения,Steam,False
737,2024-04-30,OPLATA PYATEROCHKA,2109.0,debit,5411,Продукты,Пятёрочка,False
738,2024-04-11,POS MOSKOVSKIY METROPOLITEN,749.0,debit,,Транспорт,Московский метрополитен,False
739,2024-06-27,OPLATA YANDEKS TAKSI,1550.0,debit,4121,Транспорт,Яндекс Такси,False
740,2024-04-29,MAKSIDOM*688199,27609.0,debit,5211,Дом и ремонт,Максидом,False
741,2024-04-14,Перевод по номеру телефона +7 919 730-52-25,18000.0,debit,,Переводы,Петрова М.Е.,False
742,2024-05-17,ROSNEFT AZSS*629738,2049.0,debit,,Транспорт,Роснефть АЗС,False
743,2024-06-11,CASTORAMA*979197,27200.0,debit,,Дом и ремонт,Castorama,False
744,2024-06-16,POKUPKA SITIDRAYV NIZHNIY NOVGOROD,2350.0,debit,,Транспорт,Ситидрайв,False
745,2024-05-16,Начисление процентов на остаток,16450.0,credit,,Прочие доходы,Билайн,False
746,2024-05-12,Оплата Комиссия за обслуживание л/с 505667,2009.0,debit,6012,Финансовые услуги,Комиссия за обслуживание,False
747,2024-05-08,OPLATA TOVAROV STEAM,2890.0,debit,7994,Развлечения,Steam,False
748,2024-06-13,OPLATA INVITRO,3200.0,debit,8011,Здоровье,Инвитро,False
749,2024-04-21,YANDEKS TAKSI*890980,2390.0,debit,4121,Транспорт,Яндекс Такси,False
750,2024-05-13,ROSNEFT AZS EKATERINBURG RUS,309.0,debit,,Транспорт,Роснефть АЗС,False
751,2024-04-30,Выплата премии ООО Ромашка,59600.0,credit,,Прочие доходы,Московский метрополитен,False
752,2024-06-11,Оплата услуг ТСЖ Пример,900.0,debit,4814,ЖКХ и связь,ТСЖ Пример,False
753,2024-05-05,POKUPKA YANDEKS PLYUS SAMARA,4750.0,debit,5815,Развлечения,Яндекс Плюс,False
754,2024-04-09,OZON.RU,1200.0,debit,,Прочее,,False
755,2024-04-18,POKUPKA M.VIIDEO UFA,75850.0,debit,5734,Электроника и техника,М.Видео,False
756,2024-06-03,BOULING KOSMIK KAZAN RUS,1500.0,debit,7832,Развлечения,Боулинг Космик,False
757,2024-06-21,Оплата услуг Т2,6649.0,debit,,ЖКХ и связь,Т2,False
758,2024-04-09,CINNABON*685405,3390.0,debit,5814,Кафе и рестораны,Cinnabon,False
759,2024-06-10,OPLATA GAZPROMNEFT AZS,2399.0,debit,5541,Транспорт,Газпромнефть АЗС,False
760,2024-04-10,OPLATA HOTELTONIGHT,45699.0,debit,4511,Путешествия,Hoteltonight,False
761,2024-04-30,POS M.VIDEO,45449.0,debit,,Электроника и техника,М.Видео,False
762,2024-05-11,AEROFLOT*98738,1599.0,debit,,Путешествия,Аэрофлот,False
763,2024-06-18,TEREMOK*789363,1590.0,debit,,Кафе и рестораны,Теремок,False
764,2024-04-30,OPLATA WINK,1049.0,debit,,Развлечения,Wink,False
765,2024-04-04,Перевод Иванова С.А.,47690.0,debit,,Переводы,Иванова С.А.,False
766,2024-05-04,Билайн абонентская плата,5909.0,debit,4814,ЖКХ и связь,Билайн,False
767,2024-05-12,HOFF*654756,13009.0,debit,,Дом и ремонт,Hoff,False
768,2024-06-12,OPLATA VKUSVILL,5900.0,debit,,Продукты,ВкусВилл,False
769,2024-05-21,ВОЗВРАТ SBP Волков В.В.,44950.0,credit,,Прочие доходы,Ситидрайв,False
770,2024-05-28,POKUPKA WILDBERRIES FASHION KAZAN,4600.0,debit,5661,Одежда и обувь,Wildberries Fashion,False
771,2024-05-25,OPLATA TOVAROV CINNABON,3749.0,debit,5814,Кафе и рестораны,Cinnabon,False
772,2024-05-09,POKUPKA DIKSI CHELYABINSK,5099.0,debit,5422,Продукты,Дикси,False
773,2024-06-23,POS BOULING KOSMIK,3549.0,debit,,Развлечения,Боулинг Космик,False
774,2024-06-02,KINOPOISK,1690.0,debit,7832,Развлечения,Кинопоиск,False
775,2024-06-17,OPLATA DIKSI,3950.0,debit,5411,Продукты,Дикси,False
776,2024-05-19,YANDEX MARKET,4350.0,debit,,Прочее,,False
777,2024-05-01,Перевод СБП Попова А.Н.,13900.0,debit,,Переводы,Попова А.Н.,False
778,2024-05-01,INVITRO,1199.0,debit,,Здоровье,Инвитро,False
779,2024-06-20,VKUSVILL MOSKVA RUS,2699.0,debit,,Продукты,ВкусВилл,False
780,2024-06-19,Списание ЖКУ ВТБ Страховвание,1199.0,debit,6012,Финансовые услуги,ВТБ Страхование,False
781,2024-05-06,POS STEM,2890.0,debit,,Развлечения,Steam,False
782,2024-04-17,Оплата услуг Учи.ру,15100.0,debit,,Образование,Учи.ру,False
783,2024-05-21,PARK GORKOGO*697320,4709.0,debit,,Развлечения,Парк Горького,False
784,2024-05-04,OPLATA TTOVAROV SHOKOLADNITSA,1749.0,debit,,Кафе и рестораны,Шоколадница,False
785,2024-06-06,Оплата ВТБ Страхование л/с 670952,590.0,debit,,Финансовые услуги,ВТБ Страхование,False
786,2024-04-15,YANDEX MARKET,5590.0,debit,,Прочее,,False
787,2024-05-14,PRIME*220952,3849.0,debit,,Кафе и рестораны,Prime,False
788,2024-04-08,POS WINK,4100.0,debit,,Развлечения,Wink,False
789,2024-05-19,Оплата Газпром Межрегионгаз л/с 369814,4449.0,debit,,ЖКХ и связь,Газпром Межрегионгаз,False
790,2024-04-10,Перевод СБП Сидоров Е.С.,21899.0,credit,,Переводы,Сидоров Е.С.,False
791,2024-06-17,OPLATA IVI,709.0,debit,5815,Развлечения,IVI,False
792,2024-05-08,П2П перевод Егоров Д.П.,40309.0,credit,,Переводы,Егоров Д.П.,False
793,2024-04-09,Перевод по номеру телефона +7 924 300-70-25,17550.0,credit,,Переводы,Кузнецов Д.О.,False
794,2024-06-30,PRIMEE*821192,1250.0,debit,,Кафе и рестораны,Prime,False
795,2024-04-15,NAIL BAR,6749.0,debit,,Красота и уход,Nail Bar,False
796,2024-06-24,ЕИРЦ абонентская плата,2150.0,debit,4814,ЖКХ и связь,ЕИРЦ,False
797,2024-04-01,SBP PEREVOD Новиков А.О.,8090.0,debit,,Переводы,Новиков А.О.,False
798,2024-04-21,OPLATA YANDEKS PLYUS,2109.0,debit,,Развлечения,Яндекс Плюс,False
799,2024-04-18,ВТБ Страхование абонентская пплата,3890.0,debit,6012,Финансовые услуги,ВТБ Страхование,False
800,2024-05-13,SITIRDAYV*196617,1690.0,debit,,Транспорт,Ситидрайв,False
801,2024-05-25,OPLAAT YANDEKS TAKSI,349.0,debit,4121,Транспорт,Яндекс Такси,False
802,2024-06-28,OPLATA SPORTMASTER,4690.0,debit,5661,Одежда и обувь,Спортмастер,False
803,2024-06-21,YANDEX MARKET,4909.0,debit,,Прочее,,False
804,2024-04-07,STOLICHKI*665327,12190.0,debit,5912,Здоровье,Столички,False
805,2024-04-15,METRO,5950.0,debit,,Продукты,Metro,False
806,2024-04-23,POKUPKA BOULING KOSMIK MOSKVA,4690.0,debit,,Развлечения,Боулинг Космик,False
807,2024-06-14,ИП олков А.Ю. услуги перевозки,400.0,debit,,Транспорт,Волков А.Ю.,False
808,2024-05-02,OPLATA TOVAROV IVI,1949.0,debit,,Развлечения,IVI,False
809,2024-06-17,TERMINAL 9668152 PLAYSTATION STORE CHELYABINSK,4209.0,debit,5815,Развлечения,PlayStation Store,False
810,2024-05-21,POKUPKA DOC+ KAZN,13250.0,debit,8011,Здоровье,Doc+,False
811,2024-05-04,TERMINAL 210422 WHOOSH CHELYABINSK,1109.0,debit,,Транспорт,Whoosh,False
812,2024-04-24,POS VKUSNO I TOCHKA,2409.0,debit,,Кафе и рестораны,Вкусно и точка,False
813,2024-04-07,POKUPKA LERUA MERLEN SANKT-PETERBURG,23799.0,debit,5211,Дом и ремонт,Леруа Мерлен,False
814,2024-06-03,POKUPKA TVOE NIZHNIY NOVGOROD,609.0,debit,5661,Одежда и обувь,Твое,False
815,2024-04-14,CINNABN*943401,2449.0,debit,5814,Кафе и рестораны,Cinnabon,False
816,2024-04-28,TERMINAL 716267 MAGNIT KOSMETIK UFA,2799.0,debit,7230,Красота и уход,Магнит Косметик,False
817,2024-05-25,POS SSPAR,2050.0,debit,5411,Продукты,Spar,False
818,2024-04-24,AEROFLOT,8750.0,debit,4112,Путешествия,Аэрофлот,False
819,2024-04-28,ИП Федорова Н.П. репетитор математики,7299.0,debit,8299,Образование,Федорова Н.П.,False
820,2024-06-15,Оплата Райффайзен Комиссия л/с 313941,2309.0,debit,,Финансовые услуги,Райффайзен Комиссия,False
821,2024-06-02,ОПЛ услуг ЕИРЦ,7909.0,debit,,ЖКХ и связь,ЕИРЦ,False
822,2024-05-28,OBI*856792,29609.0,debit,,Дом и ремонт,ОБИ,False
823,2024-05-13,Оплата услуг Сбербанк Комиссия,1309.0,debit,,Финансовые услуги,Сбербанк Комиссия,False
824,2024-04-17,МАРКЕТПЛЕЙС ОПЛАТА 733603,1790.0,debit,,Прочее,,False
825,2024-04-06,POKUPKA PLAYSTATION STORE SANKT-PETERBURG,3850.0,debit,,Развлечения,PlayStation Store,False
826,2024-04-30,MAGNIT ROSTOV-NA-DONU RUS,3099.0,debit,5422,Продукты,Магнит,False
827,2024-05-30,POS KINOPOISK,649.0,debit,,Развлечения,Кинопоиск,False
828,2024-05-02,OPLATA LIME,1100.0,debit,,Одежда и обувь,LIME,False
829,2024-04-01,SBP PEREVOD Соколова П.Е.,25799.0,credit,,Переводы,Соколова П.Е.,False
830,2024-05-10,П2П перевод Федорова Д.П.,48749.0,debit,,Переводы,Федорова Д.П.,False
831,2024-06-17,POKUPKA SM-KLINIKA CHELYABINSK,13009.0,debit,8011,Здоровье,СМ-Клиника,False
832,2024-05-04,FORMULA KINO,1550.0,debit,,Развлечения,Формула Кино,False
833,2024-06-24,OPLATA APTEKA 36.6,2449.0,debit,8011,Здоровье,Аптека 36.6,False
834,2024-06-08,Оплата услуг Лабиринт,23290.0,debit,8299,Образование,Лабиринт,False
835,2024-06-16,ТСЖ Пример счет №637955,3609.0,debit,4900,ЖКХ и связь,ТСЖ Пример,False
836,2024-05-11,EDLORADO,42899.0,debit,5734,Электроника и техника,Эльдорадо,False
837,2024-05-17,DIKSI SANKT-PETERBURG RUS,4150.0,debit,5411,Продукты,Дикси,False
838,2024-04-04,DO+,12809.0,debit,8011,Здоровье,Doc+,False
839,2024-05-19,Зачисление заработной платы АО Вымпел,59950.0,credit,,Прочие доходы,ВкусВилл,False
840,2024-05-01,ИП Смирнов С.А. частный извоз,2949.0,debit,4121,Транспорт,Смирнов С.А.,False
841,2024-06-18,ИП Иванов М.Ю. мастер по ремонту,5290.0,debit,,Дом и ремонт,Иванов М.Ю.,False
842,2024-05-29,OZON ELECTRONICS*475602,28349.0,debit,5734,Электроника и техника,Ozon Electronics,False
843,2024-06-12,Перевод между своими счетами,24299.0,debit,,Переводы,Морозова Е.М.,False
844,2024-06-04,П2П перевод Кузнецов С.Е.,37050.0,credit,,Переводы,Кузнецов С.Е.,False
845,2024-05-28,Внутрибанковский перевод Петрова О.А.,27250.0,debit,,Переводы,Петрова О.А.,False
846,2024-04-13,Оплата ЕИРЦ л/с 618766,7999.0,debit,4814,ЖКХ и связь,ЕИРЦ,False
847,2024-04-12,MOSKOVSKKIY METROPOLITEN*303418,409.0,debit,5541,Транспорт,Московский метрополитен,False
848,2024-06-24,Оплата Нетология л/с 303262,800.0,debit,8220,Образование,Нетология,False
849,2024-05-25,YANDEX TRAVEL,50200.0,debit,7011,Путешествия,Yandex Travel,False
850,2024-04-17,SBP PEREVOD Волков В.Д.,49790.0,credit,,Переводы,Волков В.Д.,False
851,2024-05-07,MAGNIT KAZAN RUS,2209.0,debit,,Продукты,Магнит,False
852,2024-04-17,POS DIKSI,1949.0,debit,5412,Продукты,Дикси,False
853,2024-04-22,SITILINK KRASNOYARSK RUS,16399.0,debit,5734,Электроника и техника,Ситилинк,False
854,2024-05-02,Перевод по номеру телефона +7 922 241-77-66,34749.0,credit,,Переводы,Соколов Ю.О.,False
855,2024-05-02,AVITO USLUGI,4750.0,debit,,Прочее,,False
856,2024-05-30,AEROFLOT,45549.0,debit,,Путешествия,Аэрофлот,False
857,2024-06-14,Списание ЖКУ ТСЖ Пример,7299.0,debit,4814,ЖКХ и связь,ТСЖ Пример,False
858,2024-06-20,DIKSI,5250.0,debit,,Продукты,Дикси,False
859,2024-06-23,OPLATA M.VIDEO,65849.0,debit,5734,Электроника и техника,М.Видео,False
860,2024-06-13,Перевод СБП Егоров Д.Т.,7209.0,credit,,Переводы,Егоров Д.Т.,False
861,2024-06-05,POS ZDRAVSITI,250.0,debit,,Здоровье,Здравсити,False
862,2024-06-15,ИП Иванова П.Д. мастер по ремонту,14349.0,debit,5211,Дом и ремонт,Иванова П.Д.,False
863,2024-04-07,Перевод между своими счетами,41109.0,credit,,Переводы,Соколов С.Ю.,False
864,2024-06-09,TERMINAL 154350 METRO SANKT-PETERBURG,1209.0,debit,,Продукты,Metro,False
865,2024-05-11,OPLATA TOVAROV ONEPRICE,5449.0,debit,7298,Красота и уход,OnePrice,False
866,2024-06-29,TERMINAL 854009 SITIMOBIL SAMARA,150.0,debit,7523,Транспорт,Ситимобил,False
867,2024-05-26,OPLATA TOVAROV YANDEKS TAKSI,1090.0,debit,7523,Транспорт,Яндекс Такси,False
868,2024-04-24,PYATEROCHKA*525957,3099.0,debit,,Продукты,Пятёрочка,False
869,2024-06-13,OPLATA STEAM,1909.0,debit,5815,Развлечения,Steam,False
870,2024-04-14,POS SPORTMASTER,11009.0,debit,5661,Одежда и обувь,Спортмастер,False
871,2024-06-22,POS PODRUZHKA,4849.0,debit,7298,Красота и уход,Подружка,False
872,2024-05-31,POKUUPKA PYATEROCHKA MOSKVA,2990.0,debit,,Продукты,Пятёрочка,False
873,2024-06-16,TERMINAL 793528 MAGNIT NOVOSIBIRSK,5500.0,debit,,Продукты,Магнит,False
874,2024-05-13,Перевод СБП Егорова В.Е.,16109.0,credit,,Переводы,Егорова В.Е.,False
875,2024-05-06,WILDBERRIES FASHION KRASNOYARSK RUS,5599.0,debit,5651,Одежда и обувь,Wildberries Fashion,False
876,2024-04-19,OLPATA TEREMOK,3200.0,debit,5814,Кафе и рестораны,Теремок,False
877,2024-04-27,Перевод Петрова А.Т.,41649.0,credit,,Переводы,Петрова А.Т.,False
878,2024-05-23,POKUPKA PEREKRESTOK NIZHNIY NOVGOOD,5249.0,debit,5422,Продукты,Перекресток,False
879,2024-06-10,ИП Морозова АД. стоматолог кабинет,10600.0,debit,,Здоровье,Морозова А.Д.,False
880,2024-04-22,DOMINOS PIZZA SANKT-PETERBURG RUS,2599.0,debit,5812,Кафе и рестораны,Dominos Pizza,False
881,2024-05-28,OPLATA TOVAROV KOFE HAUZ,1100.0,debit,5814,Кафе и рестораны,Кофе Хауз,False
882,2024-04-19,VKUSVILLL,5400.0,debit,5411,Продукты,ВкусВилл,False
883,2024-04-30,OPLATA L'ETUAL,5900.0,debit,,Красота и уход,Л'Этуаль,False
884,2024-06-01,Перевод по номеру телефона +7 973 619-38-93,17550.0,credit,,Переводы,Смирнов П.И.,False
885,2024-06-28,ИП Иванова В.В. мастер по ремонту,25809.0,debit,,Дом и ремонт,Иванова В.В.,False
886,2024-04-21,O'KEY,4250.0,debit,,Продукты,О'Кей,False
887,2024-05-09,NIARMEDIK*369877,3700.0,debit,5912,Здоровье,Ниармедик,False
888,2024-05-21,EAROEKSPRESS,150.0,debit,4111,Транспорт,Аэроэкспресс,False
889,2024-06-21,TVOE UFA RUS,6000.0,debit,,Одежда и обувь,Твое,False
890,2024-05-15,OZON ELECTRONICS ROSTOV-NA-DONU RUS,65190.0,debit,5734,Электроника и техника,Ozon Electronics,False
891,2024-05-17,Водоканал абонентская плата,2749.0,debit,4900,ЖКХ и связь,Водоканал,False
892,2024-06-12,OPLAAT TOVAROV PRIME,1349.0,debit,5814,Кафе и рестораны,Prime,False
893,2024-05-27,Оплата Сбербанк Комиссия л/с 682478,4700.0,debit,6012,Финансовые услуги,Сбербанк Комиссия,False
894,2024-05-12,TERMINAL 316005 DOMINOS PIZZA UFA,599.0,debit,,Кафе и рестораны,Dominos Pizza,False
895,2024-04-23,Оплата Газпром Межрегионгаз л/с 404348,2050.0,debit,4814,ЖКХ и связь,Газпром Межрегионгаз,False
896,2024-05-28,ИП Смирнова В.Е. массажист,11399.0,debit,,Здоровье,Смирнова В.Е.,False
897,2024-06-23,MU-MU,2550.0,debit,,Кафе и рестораны,Му-Му,False
898,2024-06-10,TERMINAL 999740 H&M ROSTOV-NA-DONU,8249.0,debit,5661,Одежда и обувь,H&M,False
899,2024-06-20,ECCO SAMARA RUS,3709.0,debit,,Одежда и обувь,Ecco,False
900,2024-04-18,Оплата товара 809807,5499.0,debit,,Прочее,,False
901,2024-04-19,WHOOSH*282802,2349.0,debit,5541,Транспорт,Whoosh,False
902,2024-06-26,Выплата премии ООО Альянс,39650.0,credit,,Прочие доходы,Лента,False
903,2024-05-26,RE::STORE SAMARA RUS,44300.0,debit,5734,Электроника и техника,re:Store,False
904,2024-06-01,POKUPKA DOMINOS PIZZA SAMARA,749.0,debit,,Кафе и рестораны,Dominos Pizza,False
905,2024-06-23,H&M,10349.0,debit,5651,Одежда и обувь,H&M,False
906,2024-04-15,CASTORAMA,25549.0,debit,,Дом и ремонт,Castorama,False
907,2024-04-18,OPLATA BOOKING.COM,7600.0,debit,7011,Путешествия,Booking.com,False
908,2024-05-15,TERMINAL 75861 PEREKRESTOK KRASNOYARSK,5290.0,debit,5422,Продукты,Перекресток,False
909,2024-05-24,TVOE*494549,3800.0,debit,5651,Одежда и обувь,Твое,False
910,2024-04-26,YANDEKS PLYUS,4049.0,debit,,Развлечения,Яндекс Плюс,False
911,2024-06-21,SBP PEREVOD Новиков А.О.,19109.0,debit,,Переводы,Новиков А.О.,False
912,2024-04-14,TERMINAL 566148 DELIMOBIL UFA,2549.0,debit,,Транспорт,Delimobil,False
913,2024-05-19,OPLATA TOVAROV ONEPRICE,6799.0,debit,,Красота и уход,OnePrice,False
914,2024-05-15,LIME NIZHNIY NOVGOROD RUS,11609.0,debit,5661,Одежда и обувь,LIME,False
915,2024-04-23,ИП Волков Е.А. услуги перевозки,1350.0,debit,4121,Транспорт,Волков Е.А.,False
916,2024-05-08,POKUPKA ELDORADO CHELYABINSK,23399.0,debit,5734,Электроника и техника,Эльдорадо,False
917,2024-06-29,OPLATA TOVAROV BILAYN RITEYL,16290.0,debit,,Электроника и техника,Билайн Ритейл,False
918,2024-05-07,OPLTAA TOVAROV MAKSIDOM,20700.0,debit,5200,Дом и ремонт,Максидом,False
919,2024-06-25,Читай-город счет №254162,3499.0,debit,8220,Образование,Читай-город,False
920,2024-05-06,DNS*997062,33050.0,debit,,Электроника и техника,DNS,False
921,2024-05-03,Реенссанс Страхование абонентская плата,2999.0,debit,,Финансовые услуги,Ренессанс Страхование,False
922,2024-05-18,OPLATA TOVAROV MTS MAGAZIN,47200.0,debit,5734,Электроника и техника,МТС Магазин,False
923,2024-06-12,Перевод СБП Новиков Д.А.,16299.0,debit,,Переводы,Новиков Д.А.,False
924,2024-05-25,M.VIDEO VORONEZH RUS,46249.0,debit,5734,Электроника и техника,М.Видео,False
925,2024-04-06,OPLATA TOAROV GAZPROMNEFT AZS,2900.0,debit,,Транспорт,Газпромнефть АЗС,False
926,2024-06-30,POKUPKA APTEKA 36.6 EKATERINBURG,749.0,debit,5912,Здоровье,Аптека 36.6,False
927,2024-04-25,RENDEZ-VOUS*214008,11450.0,debit,,Одежда и обувь,Rendez-Vous,False
928,2024-06-13,POS RZHD,27250.0,debit,4511,Путешествия,РЖД,False
929,2024-05-20,OPLATA LENTA,4590.0,debit,,Продукты,Лента,False
930,2024-05-21,OPLATA TOVAROV LUKOYL AZS,2000.0,debit,,Транспорт,Лукойл АЗС,False
931,2024-04-07,OPLATA AEROFLOT,31790.0,debit,,Путешествия,Аэрофлот,False
932,2024-04-28,PYATTEROCHKA,1250.0,debit,5411,Продукты,Пятёрочка,False
933,2024-06-30,LENTA NOVOSIBIRSK RUS,5709.0,debit,,Продукты,Лента,False
934,2024-04-13,OPLATA TOVAROV STEAM,3600.0,debit,5815,Развлечения,Steam,False
935,2024-05-24,Пополнение счета от Федорова Д.А.,79090.0,credit,,Прочие доходы,Столички,False
936,2024-05-08,TERMINAL 627882 PLAYSTATION STORE SAMARA,2500.0,debit,5815,Развлечения,PlayStation Store,False
937,2024-04-01,П2П перевод Попова О.П.,5709.0,credit,,Переводы,Попова О.П.,False
938,2024-05-09,Оплата ВТБ Страхование л/с 631255,1299.0,debit,6012,Финансовые услуги,ВТБ Страхование,False
939,2024-06-24,SHOKOLADNITSA*275312,1750.0,debit,5814,Кафе и рестораны,Шоколадница,False
940,2024-04-23,Ренессанс Страхование абонентская плата,250.0,debit,6012,Финансовые услуги,Ренессанс Страхование,False
941,2024-06-19,APTEKA 36.6*136492,409.0,debit,8011,Здоровье,Аптека 36.6,False
942,2024-05-11,OPLATA SALLON KRASOTY STIL,1890.0,debit,,Красота и уход,Салон Красоты Стиль,False
943,2024-06-29,POKUPKA BOOKING.COM KAZAN,25349.0,debit,,Путешествия,Booking.com,False
944,2024-04-11,ИП Иванов Д.П. услуги перевозки,199.0,debit,4121,Транспорт,Иванов Д.П.,False
945,2024-06-20,POS VKUSVLL,909.0,debit,,Продукты,ВкусВилл,False
946,2024-04-22,Зачисление заработной платы ООО Технострой,1909.0,credit,,Прочие доходы,Победа,False
947,2024-05-20,OPLATA METRO,2449.0,debit,,Продукты,Metro,False
948,2024-05-01,Пополнение счета от Смирнова А.П.,87249.0,credit,,Прочие доходы,Rendez-Vous,False
949,2024-05-13,П2П перевод Смирнов А.О.,45349.0,debit,,Переводы,Смирнов А.О.,False
950,2024-05-11,ИП Морозов Е.В. частные уроки,11549.0,debit,,Образование,Морозов Е.В.,False
951,2024-06-20,ВОЗВРАТ SBP Морозова А.П.,29909.0,credit,,Прочие доходы,Технопарк,False
952,2024-04-13,Зачисление заработной платы АО Вымпел,7650.0,credit,,Прочие доходы,LIME,False
953,2024-06-11,ONEPRICE VORONEZH RUS,2299.0,debit,,Красота и уход,OnePrice,False
954,2024-04-22,ИП Егоров О.Ю. частный извоз,649.0,debit,,Транспорт,Егоров О.Ю.,False
955,2024-06-20,OPLATA TOVAROV RIV GOSH,4509.0,debit,,Красота и уход,Рив Гош,False
956,2024-06-26,OPPLATA MAGNIT,4590.0,debit,5411,Продукты,Магнит,False
957,2024-05-08,POKUPKA STEAM SAMARA,2509.0,debit,,Развлечения,Steam,False
958,2024-05-14,TERMINAL 309515 SM-KLINIKA SANKT-PETERBURG,13299.0,debit,8099,Здоровье,СМ-Клиника,False
959,2024-05-01,POS PETROVICH,24109.0,debit,5200,Дом и ремонт,Petrovich,False
960,2024-06-11,POKUPKA HOFF VORONEZH,24900.0,debit,5211,Дом и ремонт,Hoff,False
961,2024-06-18,RENDEZ-VOUS,2700.0,debit,5661,Одежда и обувь,Rendez-Vous,False
962,2024-06-06,Оплата Сбербанк Комисссия л/с 624330,4499.0,debit,,Финансовые услуги,Сбербанк Комиссия,False
963,2024-04-22,Возврат покупки Booking.com,84049.0,credit,,Прочие доходы,Booking.com,False
964,2024-04-25,POKUPKA VKUSVILL SANKT-PETERBURG,1799.0,debit,5411,Продукты,ВкусВилл,False
965,2024-06-04,TERMINAL 347198 MU-MU KRASNOYARSK,3449.0,debit,5814,Кафе и рестораны,Му-Му,False
966,2024-05-20,ASHAN MOSKVA RUS,1090.0,debit,5411,Продукты,Ашан,False
967,2024-04-20,Перевод СБП Иванова В.Н.,15100.0,debit,,Переводы,Иванова В.Н.,False
968,2024-04-14,TERMINAL 741551 ECCO CHELYABINSK,4049.0,debit,5651,Одежда и обувь,Ecco,False
969,2024-04-04,SBP PEREVOD Кузнецов А.Ю.,28050.0,credit,,Переводы,Кузнецов А.Ю.,False
970,2024-04-06,TERMINAL 684768 KOFE HAUZ ROSTOV-NA-DONU,299.0,debit,,Кафе и рестораны,Кофе Хауз,False
971,2024-06-29,TERMINAL 225164 PEREKRESTOK VORONEZH,5290.0,debit,5411,Продукты,Перекресток,False
972,2024-04-27,Списание ЖКУ АльфСтрахование,599.0,debit,,Финансовые услуги,АльфаСтрахование,False
973,2024-05-26,Перевод СБП Новикова А.М.,49709.0,credit,,Переводы,Новикова А.М.,False
974,2024-04-09,OPLATA TOVAROV WHOOSH,1450.0,debit,,Транспорт,Whoosh,False
975,2024-06-23,Оплата услуг Воддоканал,5990.0,debit,4900,ЖКХ и связь,Водоканал,False
976,2024-05-21,SSPAR,3700.0,debit,5422,Продукты,Spar,False
977,2024-05-08,Выплата премии АО Вымпел,84650.0,credit,,Прочие доходы,ВкусВилл,False
978,2024-06-25,YANDEKS TAKSI SANKT-PETERBURG RUS,499.0,debit,7523,Транспорт,Яндекс Такси,False
979,2024-06-30,IVI UFA RUS,1109.0,debit,,Развлечения,IVI,False
980,2024-06-19,LENTA*124432,3409.0,debit,5412,Продукты,Лента,False
981,2024-04-10,Перевод СБП Петрова П.С.,38300.0,debit,,Переводы,Петрова П.С.,False
982,2024-06-06,OPLATA PEREKRESTOK,1509.0,debit,,Продукты,Перекресток,False
983,2024-06-02,ZDRAVSITI,2890.0,debit,8011,Здоровье,Здравсити,False
984,2024-05-17,POKUPKA CASTORAMA EKATERINBURG,13300.0,debit,5200,Дом и ремонт,Castorama,False
985,2024-04-02,POKUPKA HOTELTONIGHT SAMARA,35590.0,debit,4511,Путешествия,Hoteltonight,False
986,2024-04-21,Пополнение счета от Федоров В.М.,30849.0,credit,,Прочие доходы,Кинопоиск,False
987,2024-05-01,Ростелеом счет №811978,500.0,debit,4900,ЖКХ и связь,Ростелеком,False
988,2024-04-11,RZHD*391366,39800.0,debit,4511,Путешествия,РЖД,False
989,2024-05-22,POKUPKA PEREKRESTOK MOSKVA,2100.0,debit,5412,Продукты,Перекресток,False
990,2024-05-10,Билайн счет №196203,3649.0,debit,4814,ЖКХ и связь,Билайн,False
991,2024-06-01,POS SPAR,2109.0,debit,5411,Продукты,Spar,False
992,2024-04-26,TERMINAL 447582 MEDSI SANKT-PETERBURG,14350.0,debit,5912,Здоровье,Медси,False
993,2024-06-14,Билайн счет №732519,1849.0,debit,,ЖКХ и связь,Билайн,False
994,2024-05-11,Выплата премии ООО Альянс,72150.0,credit,,Прочие доходы,Т2,False
995,2024-05-06,ASAN,690.0,debit,,Продукты,Ашан,False
996,2024-05-01,ИП Кузнеоцва Д.Ю. услуги перевозки,1409.0,debit,4121,Транспорт,Кузнецова Д.Ю.,False
997,2024-06-13,NIARMEDIK VORONEZH RUS,5999.0,debit,,Здоровье,Ниармедик,False
998,2024-06-21,Пополнение счета от Смирнов Т.Ю.,53749.0,credit,,Прочие доходы,Hoteltonight,False
999,2024-04-13,Перевод между своими счетами,18599.0,debit,,Переводы,Морозов А.И.,False
1000,2024-04-08,OPLATA MTERO,1350.0,debit,5412,Продукты,Metro,False
1001,2024-05-08,POS PETROVICH,14599.0,debit,,Дом и ремонт,Petrovich,False
1002,2024-06-18,TERMINAL 716485 YANDEKS PLYUS NOVOSIBIRSK,800.0,debit,7994,Развлечения,Яндекс Плюс,False
1003,2024-06-29,Выплата премии ООО Логистик,34650.0,credit,,Прочие доходы,Райффайзен Комиссия,False
1004,2024-05-04,ROSNEFT AZS,2200.0,debit,,Транспорт,Роснефть АЗС,False
1005,2024-05-07,Оплата Водоканал л/с 747610,4499.0,debit,4900,ЖКХ и связь,Водоканал,False
1006,2024-05-06,OPLATA TEEREMOK,3209.0,debit,,Кафе и рестораны,Теремок,False
1007,2024-05-29,POS PYATEROHKA,449.0,debit,,Продукты,Пятёрочка,False
1008,2024-06-28,Списание ЖКУ СОГАЗ,2790.0,debit,6051,Финансовые услуги,СОГАЗ,False
1009,2024-06-14,SM-KLINIKKA,6090.0,debit,5912,Здоровье,СМ-Клиника,False
1010,2024-04-24,POS VSE INSTRUMENTY,20790.0,debit,,Дом и ремонт,Все Инструменты,False
1011,2024-04-10,TEHNOPARK,3549.0,debit,,Электроника и техника,Технопарк,False
1012,2024-05-29,OPLATA H&M,9150.0,debit,5651,Одежда и обувь,H&M,False
1013,2024-06-24,OPLATA MAGGNIT,3190.0,debit,,Продукты,Магнит,False
1014,2024-04-14,TERMINAL 289134 TOPGUN BARBERSHOP EKATERINBURG,6299.0,debit,7230,Красота и уход,TopGun Barbershop,False
1015,2024-05-26,POS PRIME,250.0,debit,,Кафе и рестораны,Prime,False
1016,2024-04-14,LENTA1*02866,599.0,debit,,Продукты,Лента,False
1017,2024-06-29,TERMINAL 666607 RENDEZ-VOUS UFA,6750.0,debit,,Одежда и обувь,Rendez-Vous,False
1018,2024-04-02,PEREKRESTOK*364191,1009.0,debit,5422,Продукты,Перекресток,False
1019,2024-04-20,TERMINAL 34833 NAIL BAR KAZAN,4600.0,debit,,Красота и уход,Nail Bar,False
1020,2024-05-04,SUSHI WOK SANKT-PETERBURG RUS,1699.0,debit,,Кафе и рестораны,Sushi Wok,False
1021,2024-05-25,POKUPKA CINNABON MOSKVA,2549.0,debit,5812,Кафе и рестораны,Cinnabon,False
1022,2024-05-11,Перевод Егоров А.О.,47400.0,debit,,Переводы,Егоров А.О.,False
1023,2024-04-21,POS SITIMOBIL,2309.0,debit,,Транспорт,Ситимобил,False
1024,2024-04-06,DIKSI NIZHNIY NOVGOROD RUS,1799.0,debit,,Продукты,Дикси,False
1025,2024-05-25,Внутрибанковский перевод Федоров Е.Д.,42950.0,credit,,Переводы,Федоров Е.Д.,False
1026,2024-04-08,POKUPKA SPAR NOVOSIBIRSK,3299.0,debit,,Продукты,Spar,False
1027,2024-06-13,Перевод по номеру телефона +7 993 528-63-62,9500.0,debit,,Переводы,Федоров О.А.,False
1028,2024-06-09,OPLATA METRO,2500.0,debit,5411,Продукты,Metro,False
1029,2024-06-06,OPLATA TTOVAROV METRO,3609.0,debit,5422,Продукты,Metro,False
1030,2024-05-20,VKUSNO I TOCHKA*759183,809.0,debit,,Кафе и рестораны,Вкусно и точка,False
1031,2024-06-08,OPLATA ASHNA,4150.0,debit,,Продукты,Ашан,False
1032,2024-06-30,OPLATA ASHAN DOM,10190.0,debit,5211,Дом и ремонт,Ашан Дом,False
1033,2024-05-28,TERMINAL 910181 PYATEROCHKA KRASNOYARSK,2950.0,debit,5412,Продукты,Пятёрочка,False
1034,2024-06-25,O'KEY,4399.0,debit,,Продукты,О'Кей,False
1035,2024-04-17,OPLATA TOVAROV ONEPRICE,1099.0,debit,,Красота и уход,OnePrice,False
1036,2024-06-04,POKUPKA KOFE HAUZ VORONEZH,1490.0,debit,,Кафе и рестораны,Кофе Хауз,False
1037,2024-05-18,OPLATA LUKOYL AZS,1490.0,debit,,Транспорт,Лукойл АЗС,False
1038,2024-06-13,OPLATA TOVAROV LENTA,4249.0,debit,5411,Продукты,Лента,False
1039,2024-05-22,POS ASHHAN,1809.0,debit,5422,Продукты,Ашан,False
1040,2024-05-24,OPLATA TOVAROV YANDEX TRAVEL,44809.0,debit,4112,Путешествия,Yandex Travel,False
1041,2024-05-15,STEAM KAZAN RUS,3090.0,debit,5815,Развлечения,Steam,False
1042,2024-04-16,TERMINAL 501143 HOTELTONIGHT VORONEZH,11099.0,debit,,Путешествия,Hoteltonight,False
1043,2024-04-30,APTEKA APREL*397339,7390.0,debit,,Здоровье,Аптека Апрель,False
1044,2024-04-08,OLPATA NAIL BAR,2409.0,debit,,Красота и уход,Nail Bar,False
1045,2024-04-24,OPLATA TOVAROV KINOPOISK,3300.0,debit,,Развлечения,Кинопоиск,False
1046,2024-04-27,VKUSVILL VORONEZH RUS,2400.0,debit,,Продукты,ВкусВилл,False
1047,2024-05-30,OPLATA FORMULA KION,1409.0,debit,7994,Развлечения,Формула Кино,False
1048,2024-06-22,Кэшбэк по карте,8390.0,credit,,Прочие доходы,DNS,False
1049,2024-04-23,POS ASHAN,3549.0,debit,5411,Продукты,Ашан,False
1050,2024-04-15,OPLATA L'ETUAL,3750.0,debit,7230,Красота и уход,Л'Этуаль,False
1051,2024-06-30,П2П перевод Смирнов А.О.,9809.0,credit,,Переводы,Смирнов А.О.,False
1052,2024-05-23,POS IVI,1850.0,debit,7994,Развлечения,IVI,False
1053,2024-04-29,MEDSI*289660,7609.0,debit,5912,Здоровье,Медси,False
1054,2024-05-23,Зачисление заработной платы ООО Альянс,68409.0,credit,,Прочие доходы,Prime,False
1055,2024-06-01,MAGNIT*669868,4990.0,debit,,Продукты,Магнит,False
1056,2024-06-04,MEDSI*804650,1799.0,debit,,Здоровье,Медси,False
1057,2024-04-08,ТСЖ Пример абонентская палта,4990.0,debit,4814,ЖКХ и связь,ТСЖ Пример,False
1058,2024-05-19,POS MAKSIDOM,14399.0,debit,5200,Дом и ремонт,Максидом,False
1059,2024-06-23,WINK*472552,2950.0,debit,5815,Развлечения,Wink,False
1060,2024-05-14,П2П перевод Попов С.Н.,33199.0,credit,,Переводы,Попов С.Н.,False
1061,2024-04-12,TERMINAL 830339 PYATEROCHKA NIZHNIY NOVGOROD,3409.0,debit,5411,Продукты,Пятёрочка,False
1062,2024-04-16,POS O'KEY,2050.0,debit,,Продукты,О'Кей,False
1063,2024-06-23,TERMINAL 722211 RENDEZ-VOUS MOSKVA,8690.0,debit,5661,Одежда и обувь,Rendez-Vous,False
1064,2024-06-21,MAGNIT*290455,2799.0,debit,5411,Продукты,Магнит,False
1065,2024-05-20,TERMINAL 86532 SUSHI WOK VORONEZH,2349.0,debit,5812,Кафе и рестораны,Sushi Wok,False
1066,2024-04-02,POS TEHNOPARK,23600.0,debit,5732,Электроника и техника,Технопарк,False
1067,2024-05-19,OPLATA TOVAROV WINK,1150.0,debit,5815,Развлечения,Wink,False
1068,2024-04-24,GAZPROMNEFT AZS,1250.0,debit,,Транспорт,Газпромнефть АЗС,False
1069,2024-06-28,OZON.RU,9899.0,debit,,Прочее,,False
1070,2024-05-19,PARK GORKOGO,1849.0,debit,7994,Развлечения,Парк Горького,False
1071,2024-06-19,OPLATA APTEKA 36.6,8049.0,debit,,Здоровье,Аптека 36.6,False
1072,2024-04-08,KARI SAMARA RUS,5499.0,debit,5651,Одежда и обувь,Kari,False
1073,2024-05-06,POKUPKA PEREKRESTOK SANKT-PETERBURG,2809.0,debit,,Продукты,Перекресток,False
1074,2024-06-11,Списание ЖКУ Читай-город,10000.0,debit,8299,Образование,Читай-город,False
1075,2024-04-18,Перевод между своими счетами,10049.0,credit,,Переводы,Кузнецов В.Е.,False
1076,2024-06-25,POKUPKA SITILINK EKATERINBURG,8549.0,debit,,Электроника и техника,Ситилинк,False
1077,2024-06-10,OPLATA ONEPRICE,7409.0,debit,7298,Красота и уход,OnePrice,False
1078,2024-06-27,Coursera абонентская плата,3850.0,debit,8299,Образование,Coursera,False
1079,2024-06-19,CINNABON VORNOEZH RUS,950.0,debit,5812,Кафе и рестораны,Cinnabon,False
1080,2024-05-16,OPLATA MEDSI,1950.0,debit,,Здоровье,Медси,False
1081,2024-05-03,SUSHI WOK CHELYABINSK RUS,3299.0,debit,5812,Кафе и рестораны,Sushi Wok,False
1082,2024-06-01,ИП Соколов О.Ю. частный извоз,2800.0,debit,5541,Транспорт,Соколов О.Ю.,False
1083,2024-05-20,TERMINAL 919491 APTEKA 36.6 KRASNOYARSK,14299.0,debit,,Здоровье,Аптека 36.6,False
1084,2024-06-26,МосЭнергоСбыт абонентская плата,1290.0,debit,4814,ЖКХ и связь,МосЭнергоСбыт,False
1085,2024-05-08,PYATEROCHKA UFA RUS,1849.0,debit,5411,Продукты,Пятёрочка,False
1086,2024-06-10,Билайн счет №159733,6590.0,debit,4900,ЖКХ и связь,Билайн,False
1087,2024-06-26,ИП Кузнецова А.Е. сантехник услуги,1100.0,debit,5200,Дом и ремонт,Кузнецова А.Е.,False
1088,2024-06-29,SITIDRAYV,1849.0,debit,4111,Транспорт,Ситидрайв,False
1089,2024-04-23,OPLATA PEREKRESTOK,850.0,debit,5412,Продукты,Перекресток,False
1090,2024-05-20,П2П перевод Сидоров В.А.,44999.0,debit,,Переводы,Сидоров В.А.,False
1091,2024-04-26,OPLATA O'KEY,5049.0,debit,5411,Продукты,О'Кей,False
1092,2024-06-17,ВТБ Страхование абонентская плата,3699.0,debit,,Финансовые услуги,ВТБ Страхование,False
1093,2024-04-06,POS VKUSVILL,1909.0,debit,,Продукты,ВкусВилл,False
1094,2024-04-17,POS METRO,2099.0,debit,,Продукты,Metro,False
1095,2024-05-31,TERMINAL 636574 AEROFLOT VORONEZH,9400.0,debit,,Путешествия,Аэрофлот,False
1096,2024-05-04,Списание ЖКУ ВТБ Страхование,2499.0,debit,6051,Финансовые услуги,ВТБ Страхование,False
1097,2024-05-18,POS KINOPOISK,3809.0,debit,,Развлечения,Кинопоиск,False
1098,2024-04-06,POS TVOE,6149.0,debit,5651,Одежда и обувь,Твое,False
1099,2024-06-14,POS TVOE,5400.0,debit,,Одежда и обувь,Твое,False
1100,2024-04-27,ИП Морозов ПД. услуги перевозки,1300.0,debit,,Транспорт,Морозов П.Д.,False
1101,2024-05-16,ASHAN CHELYABINSK RUS,1400.0,debit,5422,Продукты,Ашан,False
1102,2024-04-24,SITIDRAYV,1609.0,debit,,Транспорт,Ситидрайв,False
1103,2024-06-05,POKUPKA PETROVICH SANKT-PETERBURG,18609.0,debit,5200,Дом и ремонт,Petrovich,False
1104,2024-05-02,TERMINAL 311899 OSTROVOK MOSKVA,31750.0,debit,,Путешествия,ОстровОК,False
1105,2024-06-23,Перевод между своими счетами,15609.0,debit,,Переводы,Сидоров М.И.,False
1106,2024-05-17,Оплата Нетолоигя л/с 863392,16350.0,debit,8220,Образование,Нетология,False
1107,2024-04-05,Зачисление заработной платы ООО СтройГрад,18690.0,credit,,Прочие доходы,Водоканал,False
1108,2024-05-23,SPORTMASETR,9349.0,debit,5661,Одежда и обувь,Спортмастер,False
1109,2024-06-16,OPLATA TOVAROV AEROESPRESS,2800.0,debit,5541,Транспорт,Аэроэкспресс,False
1110,2024-06-02,POKUPKA RENDEZ-VOUS CHELYABINSK,10450.0,debit,,Одежда и обувь,Rendez-Vous,False
1111,2024-04-02,OPLATA TEREMOK,2499.0,debit,5814,Кафе и рестораны,Теремок,False
1112,2024-05-19,MTS MAGAZIIN,22499.0,debit,,Электроника и техника,МТС Магазин,False
1113,2024-06-02,POS PRIME,2950.0,debit,5814,Кафе и рестораны,Prime,False
1114,2024-05-13,POS METRO,4950.0,debit,5422,Продукты,Metro,False
1115,2024-04-18,Оплата Райффайзен Комиссия л/с 45146,2909.0,debit,,Финансовые услуги,Райффайзен Комиссия,False
1116,2024-05-03,ИП Кузнецова А.Т. услуги перевозки,2100.0,debit,7523,Транспорт,Кузнецова А.Т.,False
1117,2024-06-27,TERMINAL 853660 ONEPRICE MOSKVA,6050.0,debit,,Красота и уход,OnePrice,False
1118,2024-06-27,POKUPKA LIME UFA,4299.0,debit,,Одежда и обувь,LIME,False
1119,2024-05-20,CHOP-CHOP BARBERSHOP*370495,2250.0,debit,,Красота и уход,Chop-Chop Barbershop,False
1120,2024-05-10,Списание ЖКУ ЮMoney Комиссия,1049.0,debit,,Финансовые услуги,ЮMoney Комиссия,False
1121,2024-06-01,ВОЗВРАТ SBP Сидоров Ю.П.,31749.0,credit,,Прочие доходы,Hoff,False
1122,2024-04-10,Оплата услуг Комиссия за обслуживание,3299.0,debit,,Финансовые услуги,Комиссия за обслуживание,False
1123,2024-05-15,WILDBERRIES FASHION CHELYABINSK RUS,6099.0,debit,,Одежда и обувь,Wildberries Fashion,False
1124,2024-04-23,SITILINK**17701,51599.0,debit,,Электроника и техника,Ситилинк,False
1125,2024-05-12,OPLATA ASAHN,4349.0,debit,5411,Продукты,Ашан,False
1126,2024-05-30,Перевод СБП Егоров В.М.,49950.0,debit,,Переводы,Егоров В.М.,False
1127,2024-05-05,Списание ЖКУ Совкомбанк Страхование,4190.0,debit,6012,Финансовые услуги,Совкомбанк Страхование,False
1128,2024-05-08,KFC,3450.0,debit,,Кафе и рестораны,KFC,False
1129,2024-05-28,TEREMOK ROSTOV-NA-DONU RUS,2409.0,debit,5814,Кафе и рестораны,Теремок,False
1130,2024-06-21,Оплата Лабиринт л/с 389212,23190.0,debit,8299,Образование,Лабиринт,False
1131,2024-04-23,SITIDRAYV NIZHNIY NOVGOROD RUS,449.0,debit,,Транспорт,Ситидрайв,False
1132,2024-05-03,WHOOSH*753420,2990.0,debit,4111,Транспорт,Whoosh,False
1133,2024-04-20,OPLATA TOVAROV METRO,5790.0,debit,5412,Продукты,Metro,False
1134,2024-04-19,Внутрибанковский перевод Иванов Н.Ю.,3309.0,credit,,Переводы,Иванов Н.Ю.,False
1135,2024-06-03,SPORTMASTER,5490.0,debit,,Одежда и обувь,Спортмастер,False
1136,2024-04-26,Газпром Межрегионгаз счет №732073,2849.0,debit,,ЖКХ и связь,Газпром Межрегионгаз,False
1137,2024-04-24,DIKSI**905642,800.0,debit,,Продукты,Дикси,False
1138,2024-04-28,POKUPKA MTS MAGAZIN VORONEZH,66900.0,debit,,Электроника и техника,МТС Магазин,False
1139,2024-05-13,OPLATA MAGNIT,3509.0,debit,5412,Продукты,Магнит,False
1140,2024-05-28,YANDEX TRAAVEL*192878,26399.0,debit,4511,Путешествия,Yandex Travel,False
1141,2024-04-24,PRIME EKATERINBURG RUS,2699.0,debit,5812,Кафе и рестораны,Prime,False
1142,2024-04-24,Ростелеком счет №64859,799.0,debit,4900,ЖКХ и связь,Ростелеком,False
1143,2024-04-28,ИП Попова И.В. услуги перевозки,2890.0,debit,,Транспорт,Попова И.В.,False
1144,2024-04-01,OPLATA DELIMOBIL,499.0,debit,7523,Транспорт,Delimobil,False
1145,2024-06-15,Нетология абонентская плата,1200.0,debit,,Образование,Нетология,False
1146,2024-04-28,OPLATA CHOP-CHOP BARBERSHOP,4890.0,debit,,Красота и уход,Chop-Chop Barbershop,False
1147,2024-05-04,POKUPKA LIME UFA,11209.0,debit,5661,Одежда и обувь,LIME,False
1148,2024-04-30,OLATA MAGNIT,1250.0,debit,5411,Продукты,Магнит,False
1149,2024-04-25,OPLATA METRO,5449.0,debit,5422,Продукты,Metro,False
1150,2024-05-07,DIKSI ROSTOV-NA-DONU RUS,2790.0,debit,5422,Продукты,Дикси,False
1151,2024-05-22,TERMINAL 87391 ECCO CHELYABINSK,6199.0,debit,5661,Одежда и обувь,Ecco,False
1152,2024-04-09,CASTORAMA,5800.0,debit,5211,Дом и ремонт,Castorama,False
1153,2024-06-24,SUSHI WOK,1699.0,debit,,Кафе и рестораны,Sushi Wok,False
1154,2024-06-02,POKUPKA MAKSIDOM VORONEZH,21090.0,debit,5211,Дом и ремонт,Максидом,False
1155,2024-06-30,PTEKA 36.6 VORONEZH RUS,3209.0,debit,8011,Здоровье,Аптека 36.6,False
1156,2024-05-28,TERMINAL 867723 APTEKA PAREL NOVOSIBIRSK,2290.0,debit,,Здоровье,Аптека Апрель,False
1157,2024-05-08,POS PRIME,2699.0,debit,5812,Кафе и рестораны,Prime,False
1158,2024-04-11,POS POBEDA,49150.0,debit,4511,Путешествия,Победа,False
1159,2024-04-29,OPLATA TOVAROV DIKSI,1409.0,debit,5411,Продукты,Дикси,False
1160,2024-05-25,МТС счет №3444281,5809.0,debit,4814,ЖКХ и связь,МТС,False
1161,2024-06-05,OPLATA GAZPROMNEFT AZS,2600.0,debit,7523,Транспорт,Газпромнефть АЗС,False
1162,2024-05-31,OPLTAA TOVAROV LERUA MERLEN,2709.0,debit,,Дом и ремонт,Леруа Мерлен,False
1163,2024-06-06,POKUPKA APTEKA APREL SAMARA,849.0,debit,,Здоровье,Аптека Апрель,False
1164,2024-06-11,OFF,14009.0,debit,5200,Дом и ремонт,Hoff,False
1165,2024-06-22,OPLLATA LENTA,4300.0,debit,,Продукты,Лента,False
1166,2024-05-09,Мегафон счет №302787,1499.0,debit,4900,ЖКХ и связь,Мегафон,False
1167,2024-06-17,ZENDEN,8899.0,debit,5651,Одежда и обувь,Zenden,False
1168,2024-04-11,TERMINAL 4587 VKUSVILL MOSKVA,4949.0,debit,5411,Продукты,ВкусВилл,False
1169,2024-05-12,ИП Волкова А.Ю. услуги перевозки,1999.0,debit,,Транспорт,Волкова А.Ю.,False
1170,2024-05-03,CINNABON VORONEZH RUS,1109.0,debit,5812,Кафе и рестораны,Cinnabon,False
1171,2024-06-10,O'KEY NIZHNIY NOVGOROD RUS,4450.0,debit,,Продукты,О'Кей,False
1172,2024-05-10,SUSHI WOK,750.0,debit,5812,Кафе и рестораны,Sushi Wok,False
1173,2024-05-02,TERMINAL 442597 LUKOYL AZS EKATERINBURG,1350.0,debit,7523,Транспорт,Лукойл АЗС,False
1174,2024-06-06,PEREKRESTOK*698694,4390.0,debit,5422,Продукты,Перекресток,False
1175,2024-06-03,AIRBNB*945089,51850.0,debit,7011,Путешествия,Airbnb,False
1176,2024-06-03,OPLATA TOVAROV DIKSI,2749.0,debit,5411,Продукты,Дикси,False
1177,2024-06-27,ЕИРЦ абонентская плата,4290.0,debit,,ЖКХ и связь,ЕИРЦ,False
1178,2024-04-18,Читай-город абонентская плата,17190.0,debit,,Образование,Читай-город,False
1179,2024-04-29,TERMINAL 332864 KINOPOISK NOVOSIBIRSK,4390.0,debit,,Развлечения,Кинопоиск,False
1180,2024-06-20,Комиссия за обслуживание счет №557361,4309.0,debit,6012,Финансовые услуги,Комиссия за обслуживание,False
1181,2024-05-21,ИП Ианова П.Е. барбер услуги,6799.0,debit,,Красота и уход,Иванова П.Е.,False
1182,2024-06-10,OPLATA TOVAROV METRO,1800.0,debit,,Продукты,Metro,False
1183,2024-04-03,Перевод по номеру телефона +7 962 262-81-80,31409.0,credit,,Переводы,Сидоров Д.А.,False
1184,2024-05-01,POKUPKA VKUSVILL SANKT-PETERBURG,4590.0,debit,,Продукты,ВкусВилл,False
1185,2024-04-29,POKUPKA DIKSI SAARA,3590.0,debit,5411,Продукты,Дикси,False
1186,2024-06-11,Внутрибанковский перевод Новикова Е.П.,31209.0,credit,,Переводы,Новикова Е.П.,False
1187,2024-04-12,Перевод СБП Федорова А.Е.,30150.0,debit,,Переводы,Федорова А.Е.,False
1188,2024-06-27,POKUPKA KARI CHELYABINSK,2799.0,debit,,Одежда и обувь,Kari,False
1189,2024-05-18,POKUPKA RENDEZ-VOUS NIZHNIY NOVGOROD,8599.0,debit,5661,Одежда и обувь,Rendez-Vous,False
1190,2024-05-23,ИП Егоров А.Н. частные руоки,21849.0,debit,8220,Образование,Егоров А.Н.,False
1191,2024-05-19,Оплата Т2 л/с 399476,5699.0,debit,,ЖКХ и связь,Т2,False
1192,2024-04-21,TERMINAL 427974 PEREKRESTOK ROSTOV-NA-DONU,999.0,debit,,Продукты,Перекресток,False
1193,2024-06-16,POS VKUSVLIL,4899.0,debit,,Продукты,ВкусВилл,False
1194,2024-06-21,ИП Сидоров П.А. частный извоз,490.0,debit,,Транспорт,Сидоров П.А.,False
1195,2024-06-05,ИП Иванов Е.Ю. масстер маникюра,1100.0,debit,7230,Красота и уход,Иванов Е.Ю.,False
1196,2024-06-20,OPLATA H&M,509.0,debit,5651,Одежда и обувь,H&M,False
1197,2024-06-07,СОГАЗ счет №202996,1050.0,debit,,Финансовые услуги,СОГАЗ,False
1198,2024-05-28,П2П перевод Смирнов А.Ю.,490.0,debit,,Переводы,Смирнов А.Ю.,False
1199,2024-04-16,AHSAN ROSTOV-NA-DONU RUS,5190.0,debit,5422,Продукты,Ашан,False
1200,2024-05-31,Оплата Ренессанс Страхование л/с 532265,1199.0,debit,,Финансовые услуги,Ренессанс Страхование,False
1201,2024-04-12,POS TEREMOK,400.0,debit,5812,Кафе и рестораны,Теремок,False
1202,2024-04-02,OPLATA TOVAROV ECCO,8299.0,debit,5661,Одежда и обувь,Ecco,False
1203,2024-05-14,OPLATA PARK GORKOGO,4250.0,debit,5815,Развлечения,Парк Горького,False
1204,2024-04-03,Оплата Газпром Межрегионгаз л/с 329702,6090.0,debit,4900,ЖКХ и связь,Газпром Межрегионгаз,False
1205,2024-05-04,MOSKOVSKIY METROPOLITEN*969303,2850.0,debit,7523,Транспорт,Московский метрополитен,False
1206,2024-06-29,ROSNEFT AZS,1109.0,debit,5541,Транспорт,Роснефть АЗС,False
1207,2024-06-10,POKUPKA SITIDRAVY NOVOSIBIRSK,890.0,debit,7523,Транспорт,Ситидрайв,False
1208,2024-06-23,POS LENA,5690.0,debit,5422,Продукты,Лента,False
1209,2024-06-03,OPLATA WINK,3190.0,debit,5815,Развлечения,Wink,False
1210,2024-05-07,DIKSI,2199.0,debit,,Продукты,Дикси,False
1211,2024-05-14,POKUPKA PARK GORKOGO SANKT-PETERBURG,3709.0,debit,,Развлечения,Парк Горького,False
1212,2024-05-26,Перевод Морозова Н.Е.,34499.0,credit,,Переводы,Морозова Н.Е.,False
1213,2024-04-13,WHOOSH NIZHNIY NOVGOROOD RUS,1790.0,debit,,Транспорт,Whoosh,False
1214,2024-04-12,Яндекс Практикум счет №493571,8100.0,debit,8220,Образование,Яндекс Практикум,False
1215,2024-05-12,Комиссия за обслуживание счет №515788,4509.0,debit,6051,Финансовые услуги,Комиссия за обслуживание,False
1216,2024-05-20,АльфаСтрахование абонентская плата,390.0,debit,6012,Финансовые услуги,АльфаСтрахование,False
1217,2024-06-05,OPLATA TOVAROV SUHI WOK,3949.0,debit,,Кафе и рестораны,Sushi Wok,False
1218,2024-05-25,OPLATA VKUSVILL,4490.0,debit,5422,Продукты,ВкусВилл,False
1219,2024-06-27,TERMINAL 735680 KFC CHELYABINSK,299.0,debit,5814,Кафе и рестораны,KFC,False
1220,2024-04-20,TERMINAL 83533 ZARA KRASNOYARSK,9490.0,debit,5661,Одежда и обувь,Zara,False
1221,2024-05-25,OPLATA TOPGUN BARBERSHOP,2409.0,debit,,Красота и уход,TopGun Barbershop,False
1222,2024-06-12,POKUPKA SITILINK UFA,10399.0,debit,5734,Электроника и техника,Ситилинк,False
1223,2024-06-26,TERMINAL 577850 PEREKRESTOK VORONZH,2499.0,debit,,Продукты,Перекресток,False
1224,2024-06-22,SALON KRASOTY STIL,5809.0,debit,7230,Красота и уход,Салон Красоты Стиль,False
1225,2024-05-18,OPLATA YANDEKS PYLUS,3899.0,debit,5815,Развлечения,Яндекс Плюс,False
1226,2024-06-04,TERMINAL 572590 S7 AIRLIES SAMARA,41949.0,debit,,Путешествия,S7 Airlines,False
1227,2024-04-20,OPLATA YANDEX TRAVEL,16390.0,debit,4112,Путешествия,Yandex Travel,False
1228,2024-04-06,ИП Фдеоров А.Н. массажист,7699.0,debit,8099,Здоровье,Федоров А.Н.,False
1229,2024-04-16,П2П перевод Иванов М.Н.,27500.0,debit,,Переводы,Иванов М.Н.,False
1230,2024-04-26,ZARA EKATERINBURG RUS,4500.0,debit,5661,Одежда и обувь,Zara,False
1231,2024-05-27,SITILINK CHELYABINSK RUS,73209.0,debit,,Электроника и техника,Ситилинк,False
1232,2024-05-28,TERMINAL 168628 BILAYN RITEYL NIZHNIY NOVGOROD,60499.0,debit,5734,Электроника и техника,Билайн Ритейл,False
1233,2024-06-07,П2П перевод Петров Н.И.,25650.0,debit,,Переводы,Петров Н.И.,False
1234,2024-04-05,TERMINAL 8444721 DNS MOSKVA,58999.0,debit,,Электроника и техника,DNS,False
1235,2024-06-03,POS VKUSVILL,3990.0,debit,5412,Продукты,ВкусВилл,False
1236,2024-05-12,POS O'KEY,5190.0,debit,5422,Продукты,О'Кей,False
1237,2024-04-06,POKUPKA NIARMEDIK CHELYABINSK,8599.0,debit,,Здоровье,Ниармедик,False
1238,2024-05-23,OPLAAT DELIMOBIL,2599.0,debit,,Транспорт,Delimobil,False
1239,2024-06-21,POKUPAK CINNABON CHELYABINSK,3809.0,debit,,Кафе и рестораны,Cinnabon,False
1240,2024-06-04,LENTA,5499.0,debit,5412,Продукты,Лента,False
1241,2024-05-31,FORMULA KINO,2500.0,debit,7994,Развлечения,Формула Кино,False
1242,2024-06-27,POS WWHOOSH,2090.0,debit,7523,Транспорт,Whoosh,False
1243,2024-05-26,ИП Соколов О.С. массажист,800.0,debit,,Здоровье,Соколов О.С.,False
1244,2024-06-06,OPLATA TOVAROV LENTA,299.0,debit,,Продукты,Лента,False
1245,2024-06-24,Оплаата АльфаСтрахование л/с 850717,4750.0,debit,,Финансовые услуги,АльфаСтрахование,False
1246,2024-05-14,OPLATA LENTA,4949.0,debit,5422,Продукты,Лента,False
1247,2024-05-17,Внутрибанковский перевод Волков Е.Т.,29099.0,credit,,Переводы,Волков Е.Т.,False
1248,2024-04-14,SBP PEREVOD Смирнова А.В.,18050.0,debit,,Переводы,Смирнова А.В.,False
1249,2024-06-09,SPORTMASTER*970638,5849.0,debit,,Одежда и обувь,Спортмастер,False
1250,2024-06-13,POKUPKA KINOTEATR KARO NIZHNIY NOVGOROD,3209.0,debit,7994,Развлечения,Кинотеатр Каро,False
1251,2024-06-17,TERMINAL 86714 INVITRO VORONEZH,13249.0,debit,8099,Здоровье,Инвитро,False
1252,2024-05-19,POS PARK GORKOGO,4709.0,debit,7994,Развлечения,Парк Горького,False
1253,2024-05-09,SALON KRASOTY STIL*576092,4350.0,debit,7298,Красота и уход,Салон Красоты Стиль,False
1254,2024-04-28,Внутрибанковский перевод Петрова А.Н.,35849.0,debit,,Переводы,Петрова А.Н.,False
1255,2024-06-06,POS APTEKA 36.6,4690.0,debit,5912,Здоровье,Аптека 36.6,False
1256,2024-05-18,ИП Иванова А.С. астер маникюра,7509.0,debit,7298,Красота и уход,Иванова А.С.,False
1257,2024-04-16,MTS MAGAZIN NIZHNIY NOVGOROD RUS,47350.0,debit,,Электроника и техника,МТС Магазин,False
1258,2024-04-12,ИП Морозов Н.Е. услууги перевозки,2350.0,debit,,Транспорт,Морозов Н.Е.,False
1259,2024-06-19,TERMINAL 41550 NIARMEDIK MOSKVA,11400.0,debit,8099,Здоровье,Ниармедик,False
1260,2024-06-26,OPLATA MAGNIT,2149.0,debit,,Продукты,Магнит,False
1261,2024-06-27,OPLATA TOVAROV PEREKRESTOK,709.0,debit,5422,Продукты,Перекресток,False
1262,2024-04-02,OPLATA O'KEEY,3900.0,debit,5411,Продукты,О'Кей,False
1263,2024-06-21,Перевод Морозова Н.М.,16600.0,debit,,Переводы,Морозова Н.М.,False
1264,2024-06-25,MOSKOVSKIY METROPOLITEN,2490.0,debit,,Транспорт,Московский метрополитен,False
1265,2024-06-16,Яндекс Практикум счет №887611,17909.0,debit,,Образование,Яндекс Практикум,False
1266,2024-05-15,POKUPKA FORMULA KINO NOVOSIBIRSK,4749.0,debit,5815,Развлечения,Формула Кино,False
1267,2024-04-02,DIKSI*666669,2500.0,debit,5422,Продукты,Дикси,False
1268,2024-06-13,OPLATA PRIME,3899.0,debit,5812,Кафе и рестораны,Prime,False
1269,2024-04-22,МТС абонентская плата,5450.0,debit,,ЖКХ и связь,МТС,False
1270,2024-06-12,Списание ЖКУ ЕЕИРЦ,3449.0,debit,4900,ЖКХ и связь,ЕИРЦ,False
1271,2024-05-27,TERMINAL 12737 IVI NOVOSIBIRSK,2600.0,debit,7994,Развлечения,IVI,False
1272,2024-06-03,METRO,990.0,debit,,Продукты,Metro,False
1273,2024-04-26,OPLATA TOVAROV MOSKOVSKIY METROPOLIITEN,1800.0,debit,4121,Транспорт,Московский метрополитен,False
1274,2024-06-25,OPLATA SITIMBOIL,2450.0,debit,7523,Транспорт,Ситимобил,False
1275,2024-06-14,Оплата услуг ЕИРЦ,7450.0,debit,4900,ЖКХ и связь,ЕИРЦ,False
1276,2024-05-08,POKUPKA AEROEKSPRESS CHELYABINSK,800.0,debit,4111,Транспорт,Аэроэкспресс,False
1277,2024-05-11,OPLATA H&M,2109.0,debit,5661,Одежда и обувь,H&M,False
1278,2024-05-01,SALON KRASOTY STIL*964984,7649.0,debit,7230,Красота и уход,Салон Красоты Стиль,False
1279,2024-05-27,OPLATA TOVAROV RE:STORE,49500.0,debit,5734,Электроника и техника,re:Store,False
1280,2024-05-22,LENTA UFA RUS,2090.0,debit,5412,Продукты,Лента,False
1281,2024-06-13,TERMINAL 293051 VKUSVILL NIZHNIY NOVGOROD,2609.0,debit,5422,Продукты,ВкусВилл,False
1282,2024-06-15,CASTORAMA*748237,9850.0,debit,5211,Дом и ремонт,Castorama,False
1283,2024-05-14,GAZPROMNEFT AZS KRASNOYARSK RUS,1999.0,debit,7523,Транспорт,Газпромнефть АЗС,False
1284,2024-05-29,Списание ЖКУ Московская Школа,13690.0,debit,8220,Образование,Московская Школа,False
1285,2024-04-21,TERMINAL 4425 DNS CHELYABINSK,74250.0,debit,,Электроника и техника,DNS,False
1286,2024-05-01,Перевод Смирнов О.А.,49049.0,debit,,Переводы,Смирнов О.А.,False
1287,2024-04-21,П2П перевод Соколова С.С.,42399.0,debit,,Переводы,Соколова С.С.,False
1288,2024-05-25,ETRMINAL 215845 SITIDRAYV SANKT-PETERBURG,1049.0,debit,,Транспорт,Ситидрайв,False
1289,2024-05-16,ECCO EKATERINBURG RUS,7099.0,debit,,Одежда и обувь,Ecco,False
1290,2024-05-12,VKUSVILL,4690.0,debit,,Продукты,ВкусВилл,False
1291,2024-06-15,POKUPKA WHOOSH MOSKVA,1899.0,debit,,Транспорт,Whoosh,False
1292,2024-05-26,Зачисление заработной платы ООО СтройГрад,80290.0,credit,,Прочие доходы,Здравсити,False
1293,2024-05-09,ИП Кузнецов О.А. электрик услуги,13590.0,debit,5211,Дом и ремонт,Кузнецов О.А.,False
1294,2024-06-04,Газпром Межрегионгаз абонентская плата,6850.0,debit,4814,ЖКХ и связь,Газпром Межрегионгаз,False
1295,2024-04-15,RENDEZ-VOUS*3388725,2890.0,debit,,Одежда и обувь,Rendez-Vous,False
1296,2024-05-24,SBP PEREVOD Егоров С.В.,17799.0,debit,,Переводы,Егоров С.В.,False
1297,2024-05-04,OPLATA TOVAROV ROSNEFT AZS,1709.0,debit,,Транспорт,Роснефть АЗС,False
1298,2024-06-19,YANDEKS TAKSI*377984,1409.0,debit,7523,Транспорт,Яндекс Такси,False
1299,2024-06-26,POS SALON KRASOTY STIL,2390.0,debit,7230,Красота и уход,Салон Красоты Стиль,False
1300,2024-04-24,Оплата услуг СГОАЗ,3049.0,debit,6012,Финансовые услуги,СОГАЗ,False
1301,2024-06-09,POS VSE INSTRUMENTY,8590.0,debit,5200,Дом и ремонт,Все Инструменты,False
1302,2024-05-31,Сокомбанк Страхование абонентская плата,2750.0,debit,,Финансовые услуги,Совкомбанк Страхование,False
1303,2024-04-21,OPLATA AEROFLOT,16890.0,debit,7011,Путешествия,Аэрофлот,False
1304,2024-04-26,POKUPKA PETROVICH NOVOSIBIRSK,9990.0,debit,,Дом и ремонт,Petrovich,False
1305,2024-05-14,KINOTEART KARO,4290.0,debit,,Развлечения,Кинотеатр Каро,False
1306,2024-06-22,OPLATA TOVAROV TEHNOPARK,56909.0,debit,5732,Электроника и техника,Технопарк,False
1307,2024-04-21,Оплата услуг Т2,6409.0,debit,,ЖКХ и связь,Т2,False
1308,2024-05-29,OPLATA TOVAROV ROSNEFT AZS,1049.0,debit,7523,Транспорт,Роснефть АЗС,False
1309,2024-05-23,OPLATA TOVAROV ROSNEFT AZS,649.0,debit,,Транспорт,Роснефть АЗС,False
1310,2024-06-03,TERMINAL 402156 KOFE HAUZ UFA,1699.0,debit,5812,Кафе и рестораны,Кофе Хауз,False
1311,2024-05-11,POKUPKA PRIME KRASNOYARSK,3209.0,debit,5814,Кафе и рестораны,Prime,False
1312,2024-05-02,Кэшбэк по карте,35909.0,credit,,Прочие доходы,Ренессанс Страхование,False
1313,2024-06-18,POKUPKA INVITRO SAMARA,3890.0,debit,,Здоровье,Инвитро,False
1314,2024-06-21,DOMINOS PIZZA,1609.0,debit,,Кафе и рестораны,Dominos Pizza,False
1315,2024-06-06,METRO*861979,2950.0,debit,5412,Продукты,Metro,False
1316,2024-06-27,POKUPKA LENTA ROSTOV-NA-DONU,1009.0,debit,5411,Продукты,Лента,False
1317,2024-06-24,Совкомбанк Страхование счет №3990301,2349.0,debit,6051,Финансовые услуги,Совкомбанк Страхование,False
1318,2024-04-19,OPLATA O'KEY,3049.0,debit,5422,Продукты,О'Кей,False
1319,2024-06-05,IL DE BOTE*693706,5909.0,debit,7230,Красота и уход,Иль Де Ботэ,False
1320,2024-06-06,Оплата Тинькофф Страхование л/с 290155,299.0,debit,6012,Финансовые услуги,Тинькофф Страхование,False
1321,2024-06-22,П2П перевод Новикова В.Ю.,12890.0,debit,,Переводы,Новикова В.Ю.,False
1322,2024-06-09,POS ASHAN,550.0,debit,,Продукты,Ашан,False
1323,2024-05-14,OPLATA MOSKOVSKIY METROPOLITEN,2749.0,debit,,Транспорт,Московский метрополитен,False
1324,2024-04-16,CHOP-CHOP BARBERSHOP*663201,4309.0,debit,,Красота и уход,Chop-Chop Barbershop,False
1325,2024-05-06,POS O'KEY,5390.0,debit,,Продукты,О'Кей,False
1326,2024-05-23,POS LUKOYL AZS,2900.0,debit,,Транспорт,Лукойл АЗС,False
1327,2024-04-27,PKUPKA LENTA SANKT-PETERBURG,5400.0,debit,,Продукты,Лента,False
1328,2024-04-07,Оплата Комиссия за обслуживание л/с 440659,1590.0,debit,6051,Финансовые услуги,Комиссия за обслуживание,False
1329,2024-05-19,ИП Попов И.О. косметолог,1450.0,debit,,Красота и уход,Попов И.О.,False
1330,2024-05-06,MAGNIT KOSMETIK KAZAN RUS,4050.0,debit,7298,Красота и уход,Магнит Косметик,False
1331,2024-06-20,VKUSVILL KAZAN RUS,2149.0,debit,5412,Продукты,ВкусВилл,False
1332,2024-04-02,Оплата услуг МТС,1450.0,debit,4900,ЖКХ и связь,МТС,False
1333,2024-04-02,ОПЛ услуг Билайн,6709.0,debit,,ЖКХ и связь,Билайн,False
1334,2024-06-20,FIX PRICE,10100.0,debit,,Дом и ремонт,Fix Price,False
1335,2024-04-29,SHOKOLADNITSA,3250.0,debit,,Кафе и рестораны,Шоколадница,False
1336,2024-06-10,ИП Новикова Ю.Д. массажист,4400.0,debit,8011,Здоровье,Новикова Ю.Д.,False
1337,2024-05-04,OPLATA OVAROV AEROEKSPRESS,2509.0,debit,7523,Транспорт,Аэроэкспресс,False
1338,2024-05-31,POS TUTU.RU,49050.0,debit,,Путешествия,Туту.ру,False
1339,2024-06-12,SM-KILNIKA*221774,1349.0,debit,,Здоровье,СМ-Клиника,False
1340,2024-04-17,POKUPKA FORMULA KINO SAMARA,1699.0,debit,,Развлечения,Формула Кино,False
1341,2024-04-01,TERMINAL 129574 MOSKOVSKIY METROPOLITEN CHELYABINSK,2009.0,debit,5541,Транспорт,Московский метрополитен,False
1342,2024-05-02,TOGPUN BARBERSHOP,699.0,debit,7298,Красота и уход,TopGun Barbershop,False
1343,2024-04-19,STOLICHKI*4772452,6499.0,debit,,Здоровье,Столички,False
1344,2024-05-31,ВТБ Страхование абонентская плата,2499.0,debit,6012,Финансовые услуги,ВТБ Страхование,False
1345,2024-05-14,MMOSKOVSKIY METROPOLITEN KAZAN RUS,1199.0,debit,,Транспорт,Московский метрополитен,False
1346,2024-04-04,Возврат покупки Формула Кино,19099.0,credit,,Прочие доходы,Формула Кино,False
1347,2024-04-16,МАРКЕТПЛЕЙС ОПЛАТА 557656,3949.0,debit,,Прочее,,False
1348,2024-04-16,TERMINAL 808101 DOC+ EKATERINBURG,12050.0,debit,,Здоровье,Doc+,False
1349,2024-06-22,AEROEKSPRESS,1209.0,debit,,Транспорт,Аэроэкспресс,False
1350,2024-06-02,Оплата Газпром Межрегионгаз л/с 959508,4799.0,debit,,ЖКХ и связь,Газпром Межрегионгаз,False
1351,2024-04-17,POS PLAYSTATION STORE,490.0,debit,,Развлечения,PlayStation Store,False
1352,2024-05-31,Возврат покупки Steam,85650.0,credit,,Прочие доходы,Steam,False
1353,2024-06-28,Оплата СОГАЗ л/с 51083,4099.0,debit,6051,Финансовые услуги,СОГАЗ,False
1354,2024-05-31,CHOP-CHOP BARBERSHOP,1909.0,debit,7230,Красота и уход,Chop-Chop Barbershop,False
1355,2024-04-09,DIKSI*186846,1309.0,debit,5412,Продукты,Дикси,False
1356,2024-05-08,KFC,899.0,debit,,Кафе и рестораны,KFC,False
1357,2024-04-10,SITILIK CHELYABINSK RUS,25149.0,debit,,Электроника и техника,Ситилинк,False
1358,2024-05-18,Перевод СБП Петров Ю.П.,48200.0,credit,,Переводы,Петров Ю.П.,False
1359,2024-04-22,OPLATA TOVAROV ORMULA KINO,4099.0,debit,7832,Развлечения,Формула Кино,False
1360,2024-06-10,LENTA,4800.0,debit,,Продукты,Лента,False
1361,2024-04-11,ВТБ Страхование абонентская плата,2650.0,debit,,Финансовые услуги,ВТБ Страхование,False
1362,2024-04-16,Перевод между своими счетами,10690.0,credit,,Переводы,Иванова О.В.,False
1363,2024-05-12,SITIMOBIL VORONEZH RUS,2750.0,debit,7523,Транспорт,Ситимобил,False
1364,2024-04-08,SALON KRASOTY STIL,399.0,debit,7298,Красота и уход,Салон Красоты Стиль,False
1365,2024-04-16,SUSHI WOK,500.0,debit,5812,Кафе и рестораны,Sushi Wok,False
1366,2024-05-30,Перевод по номеру телефона +7 953 222-89-14,39309.0,credit,,Переводы,Морозов Д.Т.,False
1367,2024-05-13,ERMINAL 308706 LENTA ROSTOV-NA-DONU,4090.0,debit,,Продукты,Лента,False
1368,2024-05-22,Списание ЖКУ Билайн,849.0,debit,4814,ЖКХ и связь,Билайн,False
1369,2024-04-24,Выплата премии ПАО Энергия,64090.0,credit,,Прочие доходы,Ниармедик,False
1370,2024-06-01,OPLATA MUMU,3590.0,debit,5812,Кафе и рестораны,Му-Му,False
1371,2024-04-03,ИП Смирнов Д.В. консультация врача,1309.0,debit,8099,Здоровье,Смирнов Д.В.,False
1372,2024-06-19,POS AEROEKSPRESS,2200.0,debit,7523,Транспорт,Аэроэкспресс,False
1373,2024-05-28,PREKRESTOK,399.0,debit,5411,Продукты,Перекресток,False
1374,2024-06-17,ASHAN UFA RUS,1249.0,debit,,Продукты,Ашан,False
1375,2024-06-30,KINOTEATR KARO SAMARA RUS,1009.0,debit,5815,Развлечения,Кинотеатр Каро,False
1376,2024-05-12,TEREMOK KAZAN RUS,490.0,debit,,Кафе и рестораны,Теремок,False
1377,2024-06-13,Оплата товара 866101,5399.0,debit,,Прочее,,False
1378,2024-04-28,POS WHOOSH,2199.0,debit,,Транспорт,Whoosh,False
1379,2024-05-30,TERMINAL 620433 PYAATEROCHKA SANKT-PETERBURG,1209.0,debit,5422,Продукты,Пятёрочка,False
1380,2024-06-16,Перевод по номеру телефона +7 915 848-19-97,19790.0,credit,,Переводы,Егорова А.Т.,False
1381,2024-05-14,Райффазйен Комиссия абонентская плата,1750.0,debit,6012,Финансовые услуги,Райффайзен Комиссия,False
1382,2024-06-04,TERMINAL 692557 RE:STORE CHELYABINSK,22309.0,debit,5732,Электроника и техника,re:Store,False
1383,2024-05-02,RIV GOSH KRASNOYARSK RUS,2400.0,debit,7298,Красота и уход,Рив Гош,False
1384,2024-06-12,ASHAN,1850.0,debit,5412,Продукты,Ашан,False
1385,2024-04-09,SITIDRAYV,1649.0,debit,5541,Транспорт,Ситидрайв,False
1386,2024-06-02,АльфаСтрахование абонентская плата,4250.0,debit,6051,Финансовые услуги,АльфаСтрахование,False
1387,2024-06-16,PETROVICH MOSKVA RUS,6849.0,debit,5211,Дом и ремонт,Petrovich,False
1388,2024-05-10,LENTA*548386,709.0,debit,5412,Продукты,Лента,False
1389,2024-04-13,ИП Новиков П.А. репетитор математики,6409.0,debit,,Образование,Новиков П.А.,False
1390,2024-04-30,OPLLATA TOVAROV MEDSI,11550.0,debit,5912,Здоровье,Медси,False
1391,2024-05-27,OPLATA VKUSVILL,4699.0,debit,,Продукты,ВкусВилл,False
1392,2024-05-01,TERMINAL 703374 METRO EKATERINBURG,3649.0,debit,5412,Продукты,Metro,False
1393,2024-05-06,MU-MU EKATEINBURG RUS,3049.0,debit,5812,Кафе и рестораны,Му-Му,False
1394,2024-06-04,Оплата услуг Совкомбанк Страхование,750.0,debit,,Финансовые услуги,Совкомбанк Страхование,False
1395,2024-06-02,OPLATA PLAYSTATION STORE,4850.0,debit,,Развлечения,PlayStation Store,False
1396,2024-04-09,Оплата услуг Яндекс Практикум,22950.0,debit,8299,Образование,Яндекс Практикум,False
1397,2024-04-15,PARK GORKOGO SAMARA RUS,1400.0,debit,5815,Развлечения,Парк Горького,False
1398,2024-04-02,O'KEY VORONEZH RUS,1790.0,debit,,Продукты,О'Кей,False
1399,2024-06-30,TERMINAL 931577 MOSKOVSKIY METROPOLITEN EKATERINBURG,249.0,debit,5541,Транспорт,Московский метрополитен,False
1400,2024-04-18,OPLATA TOVAROV LUKOYL AZS,100.0,debit,,Транспорт,Лукойл АЗС,False
1401,2024-06-05,POS PYATEROCHKA,1500.0,debit,,Продукты,Пятёрочка,False
1402,2024-06-26,Мегафон абонентская плата,5390.0,debit,,ЖКХ и связь,Мегафон,False
1403,2024-05-01,ИП Егорова А.В. барбер услуги,3609.0,debit,7230,Красота и уход,Егорова А.В.,False
1404,2024-06-17,ZRDAVSITI,11590.0,debit,8011,Здоровье,Здравсити,False
1405,2024-04-17,POKUPKA DIKSI EKATERINBURG,4309.0,debit,5422,Продукты,Дикси,False
1406,2024-05-26,Перевод между своими счетами,21349.0,credit,,Переводы,Морозова А.Д.,False
1407,2024-05-13,TVOE KAZAN RUS,9300.0,debit,5661,Одежда и обувь,Твое,False
1408,2024-06-01,OPLATA O'KEY,4890.0,debit,,Продукты,О'Кей,False
1409,2024-06-24,OPLATA TOVAROV BOULING KOSMIK,3009.0,debit,,Развлечения,Боулинг Космик,False
1410,2024-05-18,TEREMMOK NOVOSIBIRSK RUS,2200.0,debit,5812,Кафе и рестораны,Теремок,False
1411,2024-06-04,OPLATA O'KEY,3390.0,debit,5412,Продукты,О'Кей,False
1412,2024-05-03,Оплата УСЛ Билайн,5849.0,debit,4814,ЖКХ и связь,Билайн,False
1413,2024-04-06,POS WILDBERRIES FASHION,800.0,debit,,Одежда и обувь,Wildberries Fashion,False
1414,2024-04-03,SHOKOLADNITSA,3009.0,debit,5812,Кафе и рестораны,Шоколадница,False
1415,2024-06-11,Оплата услуг Мегафон,4499.0,debit,4900,ЖКХ и связь,Мегафон,False
1416,2024-04-22,OPLATA HOFF,19499.0,debit,5211,Дом и ремонт,Hoff,False
1417,2024-04-27,OPLATA TOVAROV ASHAN,5400.0,debit,5412,Продукты,Ашан,False
1418,2024-04-15,Начисление процентов на остаток,42100.0,credit,,Прочие доходы,Магнит Косметик,False
1419,2024-05-10,POS PYATEORCHKA,2249.0,debit,5411,Продукты,Пятёрочка,False
1420,2024-05-14,OPLATA STEAM,4049.0,debit,5815,Развлечения,Steam,False
1421,2024-06-24,POS KINOTEATR KAARO,409.0,debit,5815,Развлечения,Кинотеатр Каро,False
1422,2024-04-13,YANDEX MARKET,2449.0,debit,,Прочее,,False
1423,2024-04-24,BOULING KOSMIK*825729,3909.0,debit,,Развлечения,Боулинг Космик,False
1424,2024-05-29,Оплата услуг Билайн,600.0,debit,,ЖКХ и связь,Билайн,False
1425,2024-04-28,APTEKA 36.6,4009.0,debit,8011,Здоровье,Аптека 36.6,False
1426,2024-05-30,ELDORADO ROSTOV-NA-DONU RUS,15409.0,debit,5734,Электроника и техника,Эльдорадо,False
1427,2024-05-10,Списание по операции №706691,709.0,debit,,Прочее,,False
1428,2024-06-14,POS MU-U,890.0,debit,,Кафе и рестораны,Му-Му,False
1429,2024-05-12,TERMINAL 225263 PREKRESTOK VORONEZH,5250.0,debit,5422,Продукты,Перекресток,False
1430,2024-05-24,SALON KRASOTY STIL,2009.0,debit,7230,Красота и уход,Салон Красоты Стиль,False
1431,2024-04-26,OPLATA YANDEKS TAKSI,1299.0,debit,,Транспорт,Яндекс Такси,False
1432,2024-05-19,AIBRNB,33849.0,debit,7011,Путешествия,Airbnb,False
1433,2024-05-24,SITILINK,3409.0,debit,,Электроника и техника,Ситилинк,False
1434,2024-06-15,RIV GOSH*204768,2299.0,debit,,Красота и уход,Рив Гош,False
1435,2024-06-15,OPBEDA VORONEZH RUS,42950.0,debit,4112,Путешествия,Победа,False
1436,2024-06-02,WHOOSH EKATERINBURG RUS,690.0,debit,5541,Транспорт,Whoosh,False
1437,2024-06-18,PYATEROCHKKA,3099.0,debit,,Продукты,Пятёрочка,False
1438,2024-06-04,TERMINAL 817749 PLAYSTATION STORE ROSTOV-NA-DONU,4300.0,debit,7832,Развлечения,PlayStation Store,False
1439,2024-05-30,Сбербанк Комиссия счет №112931,2149.0,debit,6012,Финансовые услуги,Сбербанк Комиссия,False
1440,2024-04-15,OPLATA TOVAROV DIKSI,1699.0,debit,,Продукты,Дикси,False
1441,2024-06-21,ИП Егоров И.А. парикмахер услуги,4999.0,debit,7230,Красота и уход,Егоров И.А.,False
1442,2024-06-27,POS APTEKA 36.6,3550.0,debit,8011,Здоровье,Аптека 36.6,False
1443,2024-06-12,POKUPKA MAKSIDOM EKATERINBURG,28249.0,debit,,Дом и ремонт,Максидом,False
1444,2024-04-02,OPLATA TOVAROV DNS,33700.0,debit,5732,Электроника и техника,DNS,False
1445,2024-05-18,Ренессанс Страхование счет №563146,3799.0,debit,,Финансовые услуги,Ренессанс Страхование,False
1446,2024-06-16,TERMINAL 450492 VKUSVILL SAMARA,4700.0,debit,5411,Продукты,ВкусВилл,False
1447,2024-06-19,NALI BAR,3050.0,debit,,Красота и уход,Nail Bar,False
1448,2024-06-03,POKUPKA APTEKA RIGLA CHELYABINSK,4909.0,debit,5912,Здоровье,Аптека Ригла,False
1449,2024-04-11,LUKOYL AZS,1650.0,debit,7523,Транспорт,Лукойл АЗС,False
1450,2024-04-21,POKUPKA SPAR CHELABINSK,4500.0,debit,5412,Продукты,Spar,False
1451,2024-04-24,OPLATA TVAROV SHOKOLADNITSA,3449.0,debit,,Кафе и рестораны,Шоколадница,False
1452,2024-06-28,SAHAN,799.0,debit,5422,Продукты,Ашан,False
1453,2024-05-29,Перевод Иванов А.А.,28700.0,credit,,Переводы,Иванов А.А.,False
1454,2024-04-18,TERMINAL 793952 PARK GORKOGO NOVOSIBIRSK,2909.0,debit,7994,Развлечения,Парк Горького,False
1455,2024-04-21,YANDEX MARKET,7899.0,debit,,Прочее,,False
1456,2024-04-17,OPLATA TOVAROV PARK GORKOGO,1649.0,debit,,Развлечения,Парк Горького,False
1457,2024-05-22,PRIME KRASNOYARSK RUS,500.0,debit,,Кафе и рестораны,Prime,False
1458,2024-05-06,AIRBNB UFA RUS,7390.0,debit,4511,Путешествия,Airbnb,False
1459,2024-04-10,PRIME,249.0,debit,5814,Кафе и рестораны,Prime,False
1460,2024-05-20,ИП Сокколов И.А. услуги перевозки,2809.0,debit,4121,Транспорт,Соколов И.А.,False
1461,2024-05-25,PODRUZHKA NIZHNIY NOVGOROD RUS,1349.0,debit,,Красота и уход,Подружка,False
1462,2024-04-21,SBP PEREVOD Иванов О.А.,30599.0,debit,,Переводы,Иванов О.А.,False
1463,2024-04-18,SITIDRAYV*571950,1399.0,debit,7523,Транспорт,Ситидрайв,False
1464,2024-06-12,TERMINAL 6661972 DIKSI NIZHNIY NOVGOROD,2950.0,debit,5422,Продукты,Дикси,False
1465,2024-05-10,AEROEKSPRESS*969701,790.0,debit,,Транспорт,Аэроэкспресс,False
1466,2024-06-09,Перевод Сидорова В.В.,31300.0,debit,,Переводы,Сидорова В.В.,False
1467,2024-06-22,YANDEX TRAVEL,31349.0,debit,7011,Путешествия,Yandex Travel,False
1468,2024-06-27,Перевод СБП Петров В.О.,33449.0,credit,,Переводы,Петров В.О.,False
1469,2024-05-20,Оплата МосЭнергоСбыт л/с 554451,909.0,debit,,ЖКХ и связь,МосЭнергоСбыт,False
1470,2024-04-09,Зачисление заработной платы АО Инновация,78450.0,credit,,Прочие доходы,Кинотеатр Каро,False
1471,2024-05-05,POKUPKA STEAM KRASNOYARSK,1399.0,debit,5815,Развлечения,Steam,False
1472,2024-04-15,POS PLAYSTATION STOER,3750.0,debit,,Развлечения,PlayStation Store,False
1473,2024-04-19,Перевод по номеру телефона +7 972 842-90-70,46100.0,debit,,Переводы,Попова В.П.,False
1474,2024-06-05,POS PARK GORKOGO,2749.0,debit,7832,Развлечения,Парк Горького,False
1475,2024-06-17,POKUPKA RIV GOSH SANKT-PETERBURG,5890.0,debit,7298,Красота и уход,Рив Гош,False
1476,2024-06-20,Оплата услуг GeekBrains,22590.0,debit,,Образование,GeekBrains,False
1477,2024-04-22,MEETRO,5899.0,debit,5412,Продукты,Metro,False
1478,2024-06-09,TERMINAL 128154 KARI NNIZHNIY NOVGOROD,6799.0,debit,5651,Одежда и обувь,Kari,False
1479,2024-06-18,Оплата услуг Райффайзен Комиссия,1500.0,debit,,Финансовые услуги,Райффайзен Комиссия,False
1480,2024-06-17,POS STEAM,3500.0,debit,7994,Развлечения,Steam,False
1481,2024-04-10,OPLATA TOVAROV MOSKOVSKIY METROPOLITEN,2700.0,debit,4121,Транспорт,Московский метрополитен,False
1482,2024-05-18,POKUPKA MAGNIT SAMARA,1650.0,debit,5422,Продукты,Магнит,False
1483,2024-04-22,OPLATA TOVAROV VSE INSTRUMENTY,26090.0,debit,,Дом и ремонт,Все Инструменты,False
1484,2024-06-28,POKUPKA SITIMOBIL ROSTOV-NA-DONU,900.0,debit,7523,Транспорт,Ситимобил,False
1485,2024-05-10,TERMINAL 423346 RENDEZ-VOUS VORONEZH,11950.0,debit,5651,Одежда и обувь,Rendez-Vous,False
1486,2024-05-13,Оплата Газпром Межрегионгаз л/с 544453,1400.0,debit,4900,ЖКХ и связь,Газпром Межрегионгаз,False
1487,2024-04-07,POKUPKA IKKEA KRASNOYARSK,5050.0,debit,,Дом и ремонт,IKEA,False
1488,2024-06-21,OPLATA TOVAROV LUKOOYL AZS,400.0,debit,4121,Транспорт,Лукойл АЗС,False
1489,2024-04-20,METRO*596451,2849.0,debit,,Продукты,Metro,False
1490,2024-06-10,Перевод Волков М.А.,14549.0,debit,,Переводы,Волков М.А.,False
1491,2024-05-06,YANDEKS TAKSI,2109.0,debit,,Транспорт,Яндекс Такси,False
1492,2024-06-14,МАРКЕТПЛЕЙС ОПЛАТА 533006,9609.0,debit,,Прочее,,False
1493,2024-05-25,DOMINOS PIZZA*888237,2109.0,debit,5812,Кафе и рестораны,Dominos Pizza,False
1494,2024-05-03,AVITO USLUGI,6249.0,debit,,Прочее,,False
1495,2024-05-10,ВОЗВРАТ SBP Егоров П.Е.,21249.0,credit,,Прочие доходы,Аптека Апрель,False
1496,2024-05-04,OPLATA TOVAROV SPAR,5890.0,debit,5422,Продукты,Spar,False
1497,2024-04-12,OPLATA OZON ELECTROICS,49050.0,debit,5732,Электроника и техника,Ozon Electronics,False
1498,2024-04-28,OPLATA TOVAROV ROSNEFT AZS,2590.0,debit,4121,Транспорт,Роснефть АЗС,False
1499,2024-05-31,L'ETUAL*715670,3390.0,debit,,Красота и уход,Л'Этуаль,False
1500,2024-04-19,CASTORAMA*793269,11649.0,debit,5200,Дом и ремонт,Castorama,False
1501,2024-05-14,Зачисление заработной платы ООО Ромашка,70099.0,credit,,Прочие доходы,Аптека Апрель,False
1502,2024-04-13,POKUPKA LENTA KAZAN,2850.0,debit,5412,Продукты,Лента,False
1503,2024-05-11,SPORTMASTER NOVOSIBIRSK RUS,8309.0,debit,5661,Одежда и обувь,Спортмастер,False
1504,2024-05-20,OPLATA RIV GOSH,2309.0,debit,,Красота и уход,Рив Гош,False
1505,2024-06-09,ASHAN*758513,2999.0,debit,5422,Продукты,Ашан,False
1506,2024-05-14,DIKSI UFA RUS,2149.0,debit,,Продукты,Дикси,False
1507,2024-04-20,ИП Волкова Т.О. барбер услуги,7650.0,debit,7298,Красота и уход,Волкова Т.О.,False
1508,2024-04-11,OPLATA TOVAROV WHOOSH,2490.0,debit,5541,Транспорт,Whoosh,False
1509,2024-04-15,ТСЖ Пример счет №865371,7400.0,debit,,ЖКХ и связь,ТСЖ Пример,False
1510,2024-06-19,RENDEZ-VOUS,8649.0,debit,5651,Одежда и обувь,Rendez-Vous,False
1511,2024-06-08,TERMINAL 323521 TOVE EKATERINBURG,4299.0,debit,5651,Одежда и обувь,Твое,False
1512,2024-05-04,OPLATA TOVAROV OBI,15890.0,debit,,Дом и ремонт,ОБИ,False
1513,2024-06-17,ВОЗВРАТ SBP Иванова А.М.,62709.0,credit,,Прочие доходы,Водоканал,False
1514,2024-04-24,SITIMOBIL*186938,1800.0,debit,,Транспорт,Ситимобил,False
1515,2024-05-10,POKUPKA L'ETUAL UFA,2390.0,debit,7298,Красота и уход,Л'Этуаль,False
1516,2024-04-17,WILDBERRIES FASHION*585483,9850.0,debit,5661,Одежда и обувь,Wildberries Fashion,False
1517,2024-05-18,OPLATA TOVAROV BOULING KOSMIK,1790.0,debit,7994,Развлечения,Боулинг Космик,False
1518,2024-05-21,Списание ЖКУ Водоканал,5950.0,debit,,ЖКХ и связь,Водоканал,False
1519,2024-06-27,POKUPKA TEHNOPARK AKZAN,65050.0,debit,,Электроника и техника,Технопарк,False
1520,2024-06-21,VKUSNO I TOCHKA,1690.0,debit,5812,Кафе и рестораны,Вкусно и точка,False
1521,2024-04-30,OPLATA VKUSVILL,2090.0,debit,5412,Продукты,ВкусВилл,False
1522,2024-05-25,AEROFLOT ROSTOV-NA-DONU RUS,33790.0,debit,,Путешествия,Аэрофлот,False
1523,2024-06-02,TERMINAL 405567 IVI KAZAN,4950.0,debit,7994,Развлечения,IVI,False
1524,2024-06-14,Оплата Т2 л/с 755304,5290.0,debit,,ЖКХ и связь,Т2,False
1525,2024-04-01,POKUPKA TVOE ROSTOV-NA-DONU,2900.0,debit,5651,Одежда и обувь,Твое,False
1526,2024-04-11,POKUPKA TEREMOK SANKT-PETERBURG,649.0,debit,5812,Кафе и рестораны,Теремок,False
1527,2024-05-28,OPLATA DOMINOS PIZZA,200.0,debit,5814,Кафе и рестораны,Dominos Pizza,False
1528,2024-06-08,OPLTA TOVAROV INVITRO,7800.0,debit,,Здоровье,Инвитро,False
1529,2024-05-20,Списание по операции №944562,3550.0,debit,,Прочее,,False
1530,2024-04-26,POS LUKOYL AZS,2500.0,debit,4111,Транспорт,Лукойл АЗС,False
1531,2024-06-15,SBP PEREVOD Федоров О.А.,2790.0,credit,,Переводы,Федоров О.А.,False
1532,2024-04-19,OPLATA PLAYSTATION STORE,1209.0,debit,,Развлечения,PlayStation Store,False
1533,2024-05-07,MEETRO,2590.0,debit,,Продукты,Metro,False
1534,2024-05-20,SBP PEREVOD Попов А.П.,27590.0,debit,,Переводы,Попов А.П.,False
1535,2024-04-09,INVITRO UFA RUS,4750.0,debit,8099,Здоровье,Инвитро,False
1536,2024-05-28,П2П перевод Егоров Н.А.,12400.0,credit,,Переводы,Егоров Н.А.,False
1537,2024-04-18,OPLATA DOC+,9149.0,debit,5912,Здоровье,Doc+,False
1538,2024-06-03,OPLAA ASHAN,4550.0,debit,,Продукты,Ашан,False
1539,2024-05-11,HOFF NOVOSIBIRSK RUS,22600.0,debit,5200,Дом и ремонт,Hoff,False
1540,2024-04-25,Сбеербанк Комиссия абонентская плата,2409.0,debit,,Финансовые услуги,Сбербанк Комиссия,False
1541,2024-05-11,WHOOSH*7178803,1090.0,debit,,Транспорт,Whoosh,False
1542,2024-04-18,YANDEKS TAKSI,750.0,debit,,Транспорт,Яндекс Такси,False
1543,2024-04-09,OPPLATA METRO,3400.0,debit,5411,Продукты,Metro,False
1544,2024-04-13,PARK GOROGO*697263,1609.0,debit,7832,Развлечения,Парк Горького,False
1545,2024-06-12,SBP PEREVOD Кузнецов А.О.,29700.0,debit,,Переводы,Кузнецов А.О.,False
1546,2024-05-09,П2П перевод Иванов Т.С.,43309.0,credit,,Переводы,Иванов Т.С.,False
1547,2024-06-17,Оплата услуг Нетология,16900.0,debit,8299,Образование,Нетология,False
1548,2024-05-30,Перевод по номеру телефона +7 914 557-27-53,33149.0,credit,,Переводы,Сидорова А.Т.,False
1549,2024-04-07,ELDORADO UFA RUS,15750.0,debit,5732,Электроника и техника,Эльдорадо,False
1550,2024-04-20,OPLATA CHOP-CHOP BARBERSHOP,2400.0,debit,7230,Красота и уход,Chop-Chop Barbershop,False
1551,2024-06-11,POKUPKA STEAM KRASNOYARSK,309.0,debit,7832,Развлечения,Steam,False
1552,2024-04-08,TERMINAL 13064 METRO KAZAN,4300.0,debit,,Продукты,Metro,False
1553,2024-06-01,SHOKOLADNITSA*135430,2400.0,debit,,Кафе и рестораны,Шоколадница,False
1554,2024-06-03,POKUPKA SPR SANKT-PETERBURG,3350.0,debit,5411,Продукты,Spar,False
1555,2024-04-20,POKUPKA CHOP-CHOP BARBERSHOP ANKT-PETERBURG,1249.0,debit,7230,Красота и уход,Chop-Chop Barbershop,False
1556,2024-06-20,SPAR,509.0,debit,,Продукты,Spar,False
1557,2024-06-10,STEEAM,3300.0,debit,5815,Развлечения,Steam,False
1558,2024-05-10,POS YANDEKS TAKSI,99.0,debit,,Транспорт,Яндекс Такси,False
1559,2024-04-16,OPLATA TOVAROV PODRUZHKA,6349.0,debit,7298,Красота и уход,Подружка,False
1560,2024-06-13,POS WINK,4799.0,debit,7832,Развлечения,Wink,False
1561,2024-06-27,TERMINLA 3864 SPORTMASTER SAMARA,9649.0,debit,5651,Одежда и обувь,Спортмастер,False
1562,2024-04-25,DIKSI ROSTOV-NA-DONU RUS,1700.0,debit,5412,Продукты,Дикси,False
1563,2024-06-17,ИП Иванов В.Т. услуги перевозки,400.0,debit,,Транспорт,Иванов В.Т.,False
1564,2024-06-05,AVITO USLUGI,700.0,debit,,Прочее,,False
1565,2024-05-25,Оплата услуг Читй-город,2400.0,debit,,Образование,Читай-город,False
1566,2024-06-27,POS WINK,4090.0,debit,7832,Развлечения,Wink,False
1567,2024-06-04,ИП Соколова Д.Ю. барбер услуги,5749.0,debit,7230,Красота и уход,Соколова Д.Ю.,False
1568,2024-05-06,Оплата улуг Тинькофф Страхование,4650.0,debit,,Финансовые услуги,Тинькофф Страхование,False
1569,2024-05-10,ASHHAN*614571,5100.0,debit,5412,Продукты,Ашан,False
1570,2024-06-24,Пополнение счета от Петрова Е.А.,67900.0,credit,,Прочие доходы,Дикси,False
1571,2024-04-17,OPLATA TOVAROV SVYAZNOY,73100.0,debit,5734,Электроника и техника,Связной,False
1572,2024-06-25,POS MEDSI,10009.0,debit,5912,Здоровье,Медси,False
1573,2024-05-11,FIX PRICE,19549.0,debit,,Дом и ремонт,Fix Price,False
1574,2024-06-17,AEROEKSPRESS SAMAA RUS,2050.0,debit,5541,Транспорт,Аэроэкспресс,False
1575,2024-06-01,П2П перевод Соколов С.А.,24099.0,debit,,Переводы,Соколов С.А.,False
1576,2024-04-17,POKUPKA SALON KRASOTY STIL CHELYABINSK,7709.0,debit,7298,Красота и уход,Салон Красоты Стиль,False
1577,2024-05-02,OPLATA TOVAROV TEHNPOARK,70709.0,debit,5732,Электроника и техника,Технопарк,False
1578,2024-06-10,OPLATA TOVAROV SHOKOLADNITSA,3400.0,debit,5812,Кафе и рестораны,Шоколадница,False
1579,2024-06-20,Выплата премии ООО Ромашка,76449.0,credit,,Прочие доходы,Газпромнефть АЗС,False
1580,2024-06-16,Мегафон счет №600326,4149.0,debit,4900,ЖКХ и связь,Мегафон,False
1581,2024-06-21,Перевод СБП Морозов Т.Ю.,48209.0,debit,,Переводы,Морозов Т.Ю.,False
1582,2024-04-25,POS O'KEY,1000.0,debit,5412,Продукты,О'Кей,False
1583,2024-04-22,O'KEY VORONEZH RUS,5899.0,debit,5411,Продукты,О'Кей,False
1584,2024-06-07,ASHAN,2599.0,debit,5411,Продукты,Ашан,False
1585,2024-06-10,OPLATA VKUSVILL,609.0,debit,,Продукты,ВкусВилл,False
1586,2024-04-17,POS MOSKOVSKIY METROPOOLITEN,2790.0,debit,7523,Транспорт,Московский метрополитен,False
1587,2024-05-07,Оплата услуг Москковская Школа,3300.0,debit,,Образование,Московская Школа,False
1588,2024-05-16,ИП Соколова Д.АА. частный извоз,1690.0,debit,7523,Транспорт,Соколова Д.А.,False
1589,2024-06-25,Зачисление заработной платы АО Инновация,16409.0,credit,,Прочие доходы,S7 Airlines,False
1590,2024-06-27,Перевод Соколов М.Ю.,12599.0,credit,,Переводы,Соколов М.Ю.,False
1591,2024-05-16,Ренессанс Страхование счет 3№28568,2800.0,debit,6012,Финансовые услуги,Ренессанс Страхование,False
1592,2024-06-02,TERMINAL 289586 MU-MU EKATERINBURG,649.0,debit,,Кафе и рестораны,Му-Му,False
1593,2024-06-13,TERMINAL 559580 OZON ELECTRONICS ROSTOV-NA-DONU,18600.0,debit,,Электроника и техника,Ozon Electronics,False
1594,2024-06-22,OPLATA TOVAROV IVI,3850.0,debit,,Развлечения,IVI,False
1595,2024-05-30,OPLATA DIKSI,1400.0,debit,5422,Продукты,Дикси,False
1596,2024-05-09,POKUPKA WHOOSH KRASNOYARSK,2100.0,debit,7523,Транспорт,Whoosh,False
1597,2024-06-28,POKUPKA KINOTEATR KAARO NIZHNIY NOVGOROD,2750.0,debit,7994,Развлечения,Кинотеатр Каро,False
1598,2024-05-07,POS YANDEKS PLYUS,900.0,debit,,Развлечения,Яндекс Плюс,False
1599,2024-05-01,PERERKESTOK,4750.0,debit,5411,Продукты,Перекресток,False
1600,2024-04-22,ВОЗВРАТ SBP Егорова Д.С.,53549.0,credit,,Прочие доходы,Ecco,False
1601,2024-05-05,PYATEROCHKA,5090.0,debit,5411,Продукты,Пятёрочка,False
1602,2024-04-22,OPLATA OZNO ELECTRONICS,73509.0,debit,5734,Электроника и техника,Ozon Electronics,False
1603,2024-04-27,Foxford абонентская плата,10149.0,debit,8299,Образование,Foxford,False
1604,2024-04-07,POS ECCO,1599.0,debit,5661,Одежда и обувь,Ecco,False
1605,2024-05-30,Оплата УСЛ Сбербанк Комиссия,3450.0,debit,,Финансовые услуги,Сбербанк Комиссия,False
1606,2024-06-04,CCO,8300.0,debit,5661,Одежда и обувь,Ecco,False
1607,2024-05-20,СОГАЗ абонентская плата,3200.0,debit,6051,Финансовые услуги,СОГАЗ,False
1608,2024-04-18,PEREKRESTOK,449.0,debit,,Продукты,Перекресток,False
1609,2024-05-13,POS LENTA,1600.0,debit,5412,Продукты,Лента,False
1610,2024-05-22,TERMINAL 453292 OZON ELECTRONICS VORONEZH,4450.0,debit,5732,Электроника и техника,Ozon Electronics,False
1611,2024-05-21,TVOE*514832,4400.0,debit,5661,Одежда и обувь,Твое,False
1612,2024-06-07,ELORADO,70190.0,debit,,Электроника и техника,Эльдорадо,False
1613,2024-06-10,POS SALON KRASOOTY STIL,2900.0,debit,7298,Красота и уход,Салон Красоты Стиль,False
1614,2024-04-03,Билайн абонентская плата,7750.0,debit,4814,ЖКХ и связь,Билайн,False
1615,2024-06-08,TERMINAL 141862 SVYAZNOY KAZAN,49250.0,debit,5732,Электроника и техника,Связной,False
1616,2024-05-29,OPLATA IVI,4849.0,debit,,Развлечения,IVI,False
1617,2024-04-30,TERMINAL 63881 BILAYN RITEYL ORSTOV-NA-DONU,38249.0,debit,,Электроника и техника,Билайн Ритейл,False
1618,2024-05-27,AEROEKSPRESS NOVOSIBIRSK RUS,1799.0,debit,4111,Транспорт,Аэроэкспресс,False
1619,2024-06-21,Пополнение счета от Егоров М.Ю.,57550.0,credit,,Прочие доходы,Здравсити,False
1620,2024-05-17,APTEKA 36.6,3550.0,debit,8011,Здоровье,Аптека 36.6,False
1621,2024-04-26,NAIL BAR,7709.0,debit,7298,Красота и уход,Nail Bar,False
1622,2024-05-29,PETROVICH SANKT-PETERBURG RUS,7899.0,debit,5200,Дом и ремонт,Petrovich,False
1623,2024-06-11,OPLATA TOVAROV LUKOYL AZS,2600.0,debit,4121,Транспорт,Лукойл АЗС,False
1624,2024-06-04,OPLATA TOVAROV SPAR,4400.0,debit,5412,Продукты,Spar,False
1625,2024-04-20,POS VKUSVILL,4450.0,debit,5411,Продукты,ВкусВилл,False
1626,2024-04-14,Водоканал абоненнтская плата,349.0,debit,4900,ЖКХ и связь,Водоканал,False
1627,2024-06-01,POS INVITRO,3050.0,debit,,Здоровье,Инвитро,False
1628,2024-06-29,POKUPKA SUSHI WOK VORONEZH,1090.0,debit,,Кафе и рестораны,Sushi Wok,False
1629,2024-05-07,OPLATA ZRA,6349.0,debit,,Одежда и обувь,Zara,False
1630,2024-04-23,POS SITIDRAYV,2899.0,debit,4111,Транспорт,Ситидрайв,False
1631,2024-06-17,Оплата услуг Foxford,5809.0,debit,,Образование,Foxford,False
1632,2024-04-26,AEROFLOT*253626,8249.0,debit,4112,Путешествия,Аэрофлот,False
1633,2024-04-03,Внутрибанковский перевод Смирнов Т.О.,49449.0,debit,,Переводы,Смирнов Т.О.,False
1634,2024-05-26,Начисление процентов на остаток,75300.0,credit,,Прочие доходы,Ростелеком,False
1635,2024-04-15,POKUPKA SPAR KRASNOYARSK,300.0,debit,,Продукты,Spar,False
1636,2024-04-16,POS ROSNEFT AZS,2749.0,debit,,Транспорт,Роснефть АЗС,False
1637,2024-04-07,RENDEZ-VOUS NOVOSIBIRSK RUS,1600.0,debit,,Одежда и обувь,Rendez-Vous,False
1638,2024-04-18,POKUPKA YANDEKS TAKSI CHELYABINSK,690.0,debit,4111,Транспорт,Яндекс Такси,False
1639,2024-04-25,OPKUPKA INVITRO NOVOSIBIRSK,3600.0,debit,8099,Здоровье,Инвитро,False
1640,2024-04-05,TERMIINAL 398832 PRIME SAMARA,2449.0,debit,,Кафе и рестораны,Prime,False
1641,2024-05-25,TERMINL 128614 CINNABON VORONEZH,950.0,debit,,Кафе и рестораны,Cinnabon,False
1642,2024-04-16,PYATEROCHKA VORONEZH RUS,5509.0,debit,5411,Продукты,Пятёрочка,False
1643,2024-06-06,POS YANDEKS TAKSI,2349.0,debit,,Транспорт,Яндекс Такси,False
1644,2024-06-26,Оплата ЕИРЦ л/с 909438,2709.0,debit,,ЖКХ и связь,ЕИРЦ,False
1645,2024-05-19,ZARA,5190.0,debit,5661,Одежда и обувь,Zara,False
1646,2024-06-19,PLATA TOVAROV MU-MU,1809.0,debit,5814,Кафе и рестораны,Му-Му,False
1647,2024-06-30,Перевод СБП Иванов О.Е.,35290.0,credit,,Переводы,Иванов О.Е.,False
1648,2024-05-01,SPAR*106456,4949.0,debit,5422,Продукты,Spar,False
1649,2024-04-23,ИП Новикова В.Д. частный извоз,1699.0,debit,7523,Транспорт,Новикова В.Д.,False
1650,2024-04-20,TERMINAL 168044 KARI UFA,5700.0,debit,5661,Одежда и обувь,Kari,False
1651,2024-06-21,OPLATA TOVAROV WHOOSH,1950.0,debit,,Транспорт,Whoosh,False
1652,2024-06-28,TERMINAL 190383 SALON KRASOTY STIL UFA,6749.0,debit,7298,Красота и уход,Салон Красоты Стиль,False
1653,2024-05-16,POKUPKA PARK GORKOGO EKATERINBURG,909.0,debit,,Развлечения,Парк Горького,False
1654,2024-06-21,POKUKPA PLAYSTATION STORE KRASNOYARSK,3849.0,debit,7832,Развлечения,PlayStation Store,False
1655,2024-04-01,PLAYSTATION STORE*536294,4750.0,debit,5815,Развлечения,PlayStation Store,False
1656,2024-04-09,ИП Егорова М.О. частный извоз,309.0,debit,,Транспорт,Егорова М.О.,False
1657,2024-06-10,POS O'KEY,3690.0,debit,5411,Продукты,О'Кей,False
1658,2024-05-15,Кэшбэк по карте,73099.0,credit,,Прочие доходы,KFC,False
1659,2024-05-21,OPLATA IVI,3599.0,debit,7832,Развлечения,IVI,False
1660,2024-04-01,Пополнение счета от Иванов С.С.,44700.0,credit,,Прочие доходы,Яндекс Практикум,False
1661,2024-05-09,MU-MU,1009.0,debit,,Кафе и рестораны,Му-Му,False
1662,2024-04-27,POKUPKA YANDEKS TAKSI SAMARA,850.0,debit,,Транспорт,Яндекс Такси,False
1663,2024-04-25,ASHAN*931531,4700.0,debit,5412,Продукты,Ашан,False
1664,2024-06-21,POKUPKA BOULING KOSMIK NOVOSIBIRSK,2400.0,debit,5815,Развлечения,Боулинг Космик,False
1665,2024-06-19,П2П перевод Волков В.В.,3099.0,debit,,Переводы,Волков В.В.,False
1666,2024-04-07,DNS*2075,67500.0,debit,,Электроника и техника,DNS,False
1667,2024-06-13,ИП Сидоров Т.И. консультация врача,14250.0,debit,8099,Здоровье,Сидоров Т.И.,False
1668,2024-04-08,KINOPOOISK,350.0,debit,7994,Развлечения,Кинопоиск,False
1669,2024-04-19,Тинькофф Страхование счет №824349,3509.0,debit,6012,Финансовые услуги,Тинькофф Страхование,False
1670,2024-05-26,Оплата Водоканал л/с 622908,1950.0,debit,4814,ЖКХ и связь,Водоканал,False
1671,2024-04-23,П2П перевод Петров Т.П.,48890.0,credit,,Переводы,Петров Т.П.,False
1672,2024-06-22,ИП Егоров И.ММ. репетитор математики,15490.0,debit,,Образование,Егоров И.М.,False
1673,2024-05-08,CHOP-CHOP BARBERSHOP*460119,6190.0,debit,7230,Красота и уход,Chop-Chop Barbershop,False
1674,2024-05-23,TERMINAL 41808 ROSNEFT AZS KAZAN,1349.0,debit,5541,Транспорт,Роснефть АЗС,False
1675,2024-05-10,Водоканал абонентская плата,1690.0,debit,4814,ЖКХ и связь,Водоканал,False
1676,2024-04-01,WILDBERRIES FASHION,5650.0,debit,,Одежда и обувь,Wildberries Fashion,False
1677,2024-06-10,SHOKOLADNITSA*471795,1599.0,debit,,Кафе и рестораны,Шоколадница,False
1678,2024-05-20,POKUPKA KINOPOISK UFA,3049.0,debit,,Развлечения,Кинопоиск,False
1679,2024-06-17,OPLATA TOVAROV MAGNIT,4409.0,debit,,Продукты,Магнит,False
1680,2024-06-28,OPLATA KINOPOISK,2650.0,debit,7994,Развлечения,Кинопоиск,False
1681,2024-05-10,OPLATA TOVAROV CHOP-CHOP BARBERSHOP,5590.0,debit,7230,Красота и уход,Chop-Chop Barbershop,False
1682,2024-04-04,MU-MU NIZHNIY NOVGOROD RUS,3709.0,debit,,Кафе и рестораны,Му-Му,False
1683,2024-06-13,Списание по операции №1681,8909.0,debit,,Прочее,,False
1684,2024-04-02,HOFF*915277,650.0,debit,,Дом и ремонт,Hoff,False
1685,2024-05-17,PYATEROCHKA*117385,5190.0,debit,,Продукты,Пятёрочка,False
1686,2024-04-28,ВОЗВРАТ SBP Морозов А.Е.,39400.0,credit,,Прочие доходы,О'Кей,False
1687,2024-04-09,МТС абонентская лата,5749.0,debit,,ЖКХ и связь,МТС,False
1688,2024-06-29,ИП Кузнецов Ю.П. масстер маникюра,5099.0,debit,,Красота и уход,Кузнецов Ю.П.,False
1689,2024-06-22,WHOOSH,2890.0,debit,5541,Транспорт,Whoosh,False
1690,2024-05-17,Перевод СБП Волкова А.П.,30890.0,credit,,Переводы,Волкова А.П.,False
1691,2024-06-29,BOKOING.COM*154624,4550.0,debit,4112,Путешествия,Booking.com,False
1692,2024-05-05,TERMINAL 989707 SHOKOLADNITSA CHELYABINSK,3300.0,debit,5814,Кафе и рестораны,Шоколадница,False
1693,2024-04-04,PLAYSTATION STORE,1450.0,debit,7994,Развлечения,PlayStation Store,False
1694,2024-06-28,YANDEKS PLYUS VORRONEZH RUS,3599.0,debit,,Развлечения,Яндекс Плюс,False
1695,2024-06-03,OPLATA TOVAROV PYATEROCHKA,5190.0,debit,5411,Продукты,Пятёрочка,False
1696,2024-06-07,ASHN*869684,1990.0,debit,,Продукты,Ашан,False
1697,2024-04-02,POS MOSKOVSKIY METROPOLITEN,1809.0,debit,,Транспорт,Московский метрополитен,False
1698,2024-04-18,POS INVITRO,1209.0,debit,,Здоровье,Инвитро,False
1699,2024-05-05,ИП Соколов И.Е. массжаист,400.0,debit,8011,Здоровье,Соколов И.Е.,False
1700,2024-05-20,LIME,4350.0,debit,5661,Одежда и обувь,LIME,False
1701,2024-06-25,OPLATA PARK GORKOGO,3050.0,debit,5815,Развлечения,Парк Горького,False
1702,2024-05-02,POKUPKA DELIMOBIL CHLYABINSK,1149.0,debit,5541,Транспорт,Delimobil,False
1703,2024-06-02,POKUPKA RENDEZ-VOUS MOSKVA,1899.0,debit,,Одежда и обувь,Rendez-Vous,False
1704,2024-04-14,POKUPKA O'KEY MOSKVA,5700.0,debit,,Продукты,О'Кей,False
1705,2024-06-15,Списание по операции №71805,3549.0,debit,,Прочее,,False
1706,2024-04-23,OPLATA TOVAORV HOTELTONIGHT,26500.0,debit,4511,Путешествия,Hoteltonight,False
1707,2024-06-09,OPLATA AEROEKSPRESS,909.0,debit,7523,Транспорт,Аэроэкспресс,False
1708,2024-06-03,SITMOBIL,1609.0,debit,,Транспорт,Ситимобил,False
1709,2024-04-26,Оплата Тинькофф Страхование л/с 639222,2549.0,debit,6012,Финансовые услуги,Тинькофф Страхование,False
1710,2024-06-10,POS IVI,4990.0,debit,5815,Развлечения,IVI,False
1711,2024-05-26,ИП Сиидоров А.М. частные уроки,23600.0,debit,8299,Образование,Сидоров А.М.,False
1712,2024-04-02,GZPROMNEFT AZS KRASNOYARSK RUS,2999.0,debit,4121,Транспорт,Газпромнефть АЗС,False
1713,2024-06-24,Сбербанк Комиссия абонентская плата,100.0,debit,,Финансовые услуги,Сбербанк Комиссия,False
1714,2024-06-17,POKUPKA SITIDRAYV EKATERINBURG,1590.0,debit,,Транспорт,Ситидрайв,False
1715,2024-06-30,POKUPKA OBI MOSKVA,26650.0,debit,5211,Дом и ремонт,ОБИ,False
1716,2024-05-11,Выплата премии ООО Ромашка,41199.0,credit,,Прочие доходы,Иль Де Ботэ,False
1717,2024-05-08,KARI SANKT-PETERBURG RUS,8309.0,debit,5651,Одежда и обувь,Kari,False
1718,2024-06-15,POS MAGNIT KOSMETIK,690.0,debit,7230,Красота и уход,Магнит Косметик,False
1719,2024-05-11,Skillbox абонентская плата,13799.0,debit,8299,Образование,Skillbox,False
1720,2024-05-08,FIX PRICE SANKT-PETERBURG RUS,700.0,debit,5200,Дом и ремонт,Fix Price,False
1721,2024-05-23,DKISI,3450.0,debit,5411,Продукты,Дикси,False
1722,2024-04-14,SM-KLINIKA,5990.0,debit,,Здоровье,СМ-Клиника,False
1723,2024-05-13,ВОЗВРАТ SBP Егорова О.Е.,27249.0,credit,,Прочие доходы,Ашан,False
1724,2024-04-06,OKUPKA RIV GOSH NOVOSIBIRSK,7799.0,debit,7298,Красота и уход,Рив Гош,False
1725,2024-04-10,SALON KRASOTY STIL*280503,1049.0,debit,,Красота и уход,Салон Красоты Стиль,False
1726,2024-06-12,OPLATA TOVAROV ZARA,11449.0,debit,5661,Одежда и обувь,Zara,False
1727,2024-05-31,Оплата услуг Coursera,17299.0,debit,8299,Образование,Coursera,False
1728,2024-05-15,POS WILDBERRIES FASHION,11599.0,debit,,Одежда и обувь,Wildberries Fashion,False
1729,2024-05-31,O'KEY EKATERINBURG RUS,1300.0,debit,,Продукты,О'Кей,False
1730,2024-05-14,DNS*890548,40200.0,debit,5734,Электроника и техника,DNS,False
1731,2024-05-10,TERMINAL 961639 RENDEZ-VOUS VORONEZH,8250.0,debit,5661,Одежда и обувь,Rendez-Vous,False
1732,2024-05-15,Списание ЖКУ Райффайзен Комиссия,4509.0,debit,6012,Финансовые услуги,Райффайзен Комиссия,False
1733,2024-04-15,VKUSVILL*592729,5150.0,debit,5422,Продукты,ВкусВилл,False
1734,2024-06-28,TERMINAL 219755 MAKSIDOM SANKT-PETERBURG,4090.0,debit,5200,Дом и ремонт,Максидом,False
1735,2024-05-22,O'KEY,5049.0,debit,,Продукты,О'Кей,False
1736,2024-04-18,Начисление процентов на остаток,29199.0,credit,,Прочие доходы,Т2,False
1737,2024-06-13,POS DIKSI,890.0,debit,5412,Продукты,Дикси,False
1738,2024-04-17,OPALTA VKUSVILL,5999.0,debit,,Продукты,ВкусВилл,False
1739,2024-06-23,OPLATA SITIDRAYV,2690.0,debit,,Транспорт,Ситидрайв,False
1740,2024-04-04,TERMINAL 231697 SPAR UFA,2800.0,debit,,Продукты,Spar,False
1741,2024-06-20,OPLATA LERUA MERLEN,24790.0,debit,5211,Дом и ремонт,Леруа Мерлен,False
1742,2024-04-07,ЕИРЦ счет №49329,1599.0,debit,,ЖКХ и связь,ЕИРЦ,False
1743,2024-04-28,OPLATA TOVAROV IL DE BOTE,5509.0,debit,7230,Красота и уход,Иль Де Ботэ,False
1744,2024-06-02,Перевод по номеру телефона +7 996 125-98-77,20699.0,debit,,Переводы,Федоров Ю.А.,False
1745,2024-06-16,П2П перевод Морозов А.О.,9450.0,debit,,Переводы,Морозов А.О.,False
1746,2024-04-23,OSTROVOK,42390.0,debit,,Путешествия,ОстровОК,False
1747,2024-04-30,MAGNIT*342294,4000.0,debit,5411,Продукты,Магнит,False
1748,2024-06-06,POKUPKA ASHAN VORONEZH,2009.0,debit,,Продукты,Ашан,False
1749,2024-06-03,KOFE HAUZ,3809.0,debit,,Кафе и рестораны,Кофе Хауз,False
1750,2024-04-12,OPLATA AEROEKSPRESS,2790.0,debit,7523,Транспорт,Аэроэкспресс,False
1751,2024-05-30,TERMINAL 185560 PETROVICH ROSTOV-NA-DONU,1009.0,debit,5200,Дом и ремонт,Petrovich,False
1752,2024-05-31,WINK*646262,4409.0,debit,,Развлечения,Wink,False
1753,2024-06-08,OPLATA TOVAROV SITIDRAYV,549.0,debit,,Транспорт,Ситидрайв,False
1754,2024-06-02,PYATEROCHKA*895292,4290.0,debit,,Продукты,Пятёрочка,False
1755,2024-06-25,Перевод по номеру телефона +7 954 135-70-60,4600.0,credit,,Переводы,Кузнецов П.Д.,False
1756,2024-06-05,OPLATA TOVAROV ROSNEFT AZS,2390.0,debit,,Транспорт,Роснефть АЗС,False
1757,2024-04-01,OPLLATA TOVAROV SITIMOBIL,2549.0,debit,4121,Транспорт,Ситимобил,False
1758,2024-05-10,ИП Морозов Ю.А. косметолог,6149.0,debit,,Красота и уход,Морозов Ю.А.,False
1759,2024-04-26,Списаине ЖКУ Лабиринт,3990.0,debit,,Образование,Лабиринт,False
1760,2024-04-06,OPLATA M.VIDEO,20690.0,debit,5732,Электроника и техника,М.Видео,False
1761,2024-05-12,PETROVICH*4257701,29799.0,debit,5211,Дом и ремонт,Petrovich,False
1762,2024-05-27,OPLATA TOVAROV LIME,1209.0,debit,5651,Одежда и обувь,LIME,False
1763,2024-05-22,PLATA TOVAROV PRIME,2790.0,debit,,Кафе и рестораны,Prime,False
1764,2024-04-07,OFE HAUZ*156710,809.0,debit,5814,Кафе и рестораны,Кофе Хауз,False
1765,2024-06-25,OPLATA TOVAROV STEAM,509.0,debit,5815,Развлечения,Steam,False
1766,2024-05-07,POS SUSHI WOK,3709.0,debit,5812,Кафе и рестораны,Sushi Wok,False
1767,2024-06-28,Выплата премии ПАО Энергия,29799.0,credit,,Прочие доходы,Все Инструменты,False
1768,2024-06-07,TERMINAL 622202 SITIMOBIL UFA,1750.0,debit,5541,Транспорт,Ситимобил,False
1769,2024-06-18,ИП Иванов И.М. частный извоз,500.0,debit,7523,Транспорт,Иванов И.М.,False
1770,2024-04-12,OPLATA VKUSNO I TOCHKA,3749.0,debit,5814,Кафе и рестораны,Вкусно и точка,False
1771,2024-06-01,Оплата Foxford л/с 462704,4550.0,debit,,Образование,Foxford,False
1772,2024-04-02,ИП Новиков С.С. услуги перевозки,2000.0,debit,5541,Транспорт,Новиков С.С.,False
1773,2024-04-11,OPLATA TOVAROV AEROEKSPRESS,1009.0,debit,,Транспорт,Аэроэкспресс,False
1774,2024-05-22,Внутрибанковский перевод Новиков Т.Т.,4650.0,credit,,Переводы,Новиков Т.Т.,False
1775,2024-05-17,NOEPRICE*191514,1200.0,debit,7230,Красота и уход,OnePrice,False
1776,2024-06-30,POS CINNABON,1999.0,debit,5812,Кафе и рестораны,Cinnabon,False
1777,2024-04-18,OPLATA TOVAROV ASHAN,3350.0,debit,5412,Продукты,Ашан,False
1778,2024-05-29,OPLATA VSE INSTRUMENTY,11799.0,debit,5211,Дом и ремонт,Все Инструменты,False
1779,2024-05-27,TERMINAL 257129 YANDEKS TAKSI MOSKVA,2150.0,debit,7523,Транспорт,Яндекс Такси,False
1780,2024-05-05,YANDEX MARKET,1950.0,debit,,Прочее,,False
1781,2024-06-24,Тинькофф Страхование счет №682651,2850.0,debit,6012,Финансовые услуги,Тинькофф Страхование,False
1782,2024-04-24,Выплата премии ООО Альянс,31590.0,credit,,Прочие доходы,Coursera,False
1783,2024-04-24,NAIL BAR KRASNOYARSK RUS,7999.0,debit,,Красота и уход,Nail Bar,False
1784,2024-05-30,AEROEKSPRESS*642439,2750.0,debit,,Транспорт,Аэроэкспресс,False
1785,2024-05-22,POS LUKOYL AZS,700.0,debit,,Транспорт,Лукойл АЗС,False
1786,2024-05-25,Читай-город счет №6618703,23699.0,debit,8299,Образование,Читай-город,False
1787,2024-06-09,POS GAZPROMNEFT AZS,2009.0,debit,,Транспорт,Газпромнефть АЗС,False
1788,2024-06-03,APTEKA RIGLA*525816,9150.0,debit,,Здоровье,Аптека Ригла,False
1789,2024-04-03,POS MU-MU,3849.0,debit,5812,Кафе и рестораны,Му-Му,False
1790,2024-04-01,OPLATA TOVAROV NIARMEDIK,12899.0,debit,8099,Здоровье,Ниармедик,False
1791,2024-06-25,PRIME*496575,790.0,debit,5812,Кафе и рестораны,Prime,False
1792,2024-06-02,TERMINAL 890461 IVI KAZAN,4690.0,debit,,Развлечения,IVI,False
1793,2024-05-11,Перевод Иванов С.Т.,10250.0,credit,,Переводы,Иванов С.Т.,False
1794,2024-06-30,TERMINAL 200559 ASHAN DOM VORONEZH,10309.0,debit,,Дом и ремонт,Ашан Дом,False
1795,2024-04-21,OPLATA O'KEY,1400.0,debit,5412,Продукты,О'Кей,False
1796,2024-06-24,POS SPORTMASTER,4900.0,debit,5661,Одежда и обувь,Спортмастер,False
1797,2024-06-26,POKUPKA LIME KAZAN,2309.0,debit,,Одежда и обувь,LIME,False
1798,2024-06-28,POS KFC,1290.0,debit,,Кафе и рестораны,KFC,False
1799,2024-06-26,TERMINAL 529938 VSE INSTRUMENTY VORONEZH,20309.0,debit,5211,Дом и ремонт,Все Инструменты,False
1800,2024-06-24,BOULING KOSMIK*746281,999.0,debit,7994,Развлечения,Боулинг Космик,False
1801,2024-06-06,OPLATA SITILINK,39299.0,debit,5734,Электроника и техника,Ситилинк,False
1802,2024-05-15,PYATEROCHKA KAZAN RUS,1049.0,debit,,Продукты,Пятёрочка,False
1803,2024-05-04,МосЭнергоСбыт абонентская плата,7550.0,debit,4900,ЖКХ и связь,МосЭнергоСбыт,False
1804,2024-06-13,Нетология абонентская плата,4290.0,debit,8220,Образование,Нетология,False
1805,2024-06-22,OLPATA PEREKRESTOK,1499.0,debit,5412,Продукты,Перекресток,False
1806,2024-06-12,TERMINAL 822363 MAGNIT KOSMETIK KRASNOYARSK,7400.0,debit,7298,Красота и уход,Магнит Косметик,False
1807,2024-04-09,SPAR*788379,1609.0,debit,5412,Продукты,Spar,False
1808,2024-04-20,WINK,1190.0,debit,,Развлечения,Wink,False
1809,2024-05-03,SBP PEREVOD Смирнов С.А.,2449.0,credit,,Переводы,Смирнов С.А.,False
1810,2024-06-14,Оплата услуг МТС,1590.0,debit,,ЖКХ и связь,МТС,False
1811,2024-05-01,Перевод между своими счетами,44150.0,debit,,Переводы,Иванов И.Н.,False
1812,2024-05-28,Внутрибанковский перевод Федоров Е.Ю.,39349.0,debit,,Переводы,Федоров Е.Ю.,False
1813,2024-04-15,ИП Попов А.Д. стматолог кабинет,7600.0,debit,8011,Здоровье,Попов А.Д.,False
1814,2024-05-30,SHOKOLADNITSA*404992,2209.0,debit,5812,Кафе и рестораны,Шоколадница,False
1815,2024-06-14,Пополнение счета от Федорова А.В.,71500.0,credit,,Прочие доходы,Му-Му,False
1816,2024-04-06,ИП Иванова Н.ДД. частный извоз,1209.0,debit,,Транспорт,Иванова Н.Д.,False
1817,2024-06-02,DNS,23600.0,debit,,Электроника и техника,DNS,False
1818,2024-04-28,Перевод Сидорова А.А.,8999.0,debit,,Переводы,Сидорова А.А.,False
1819,2024-04-20,POKUPKA MAGNIT NOVOSIBIRSK,5609.0,debit,5411,Продукты,Магнит,False
1820,2024-05-13,POKUPKA RENDEZ-VOUS NOVOSIBIRSK,3890.0,debit,5651,Одежда и обувь,Rendez-Vous,False
1821,2024-06-30,POS WINK,2090.0,debit,,Развлечения,Wink,False
1822,2024-04-26,Списание ЖКУ Яндекс Практикум,21900.0,debit,8299,Образование,Яндекс Практикум,False
1823,2024-04-27,Перевод Новиков И.М.,43049.0,credit,,Переводы,Новиков И.М.,False
1824,2024-05-11,Внутрибанковский перевод Попова В.Ю.,24849.0,debit,,Переводы,Попова В.Ю.,False
1825,2024-06-07,DIKSI KRASNOYARSK RUS,3699.0,debit,5412,Продукты,Дикси,False
1826,2024-05-17,П2П перевод Морозов В.С.,900.0,credit,,Переводы,Морозов В.С.,False
1827,2024-06-11,POKUPKA O'KEY SANKT-PETERBURG,399.0,debit,5411,Продукты,О'Кей,False
1828,2024-06-01,Перевод Смирнова Е.Ю.,29699.0,credit,,Переводы,Смирнова Е.Ю.,False
1829,2024-06-11,YANDEX MARKET,4609.0,debit,,Прочее,,False
1830,2024-06-21,Т2 счет №758826,6190.0,debit,4814,ЖКХ и связь,Т2,False
1831,2024-06-04,POS WINK,3349.0,debit,7832,Развлечения,Wink,False
1832,2024-06-22,Внутрибанковский перевод Петрова Д.В.,26790.0,debit,,Переводы,Петрова Д.В.,False
1833,2024-05-24,ВОЗВРАТ SBP Сидоров П.Ю.,70499.0,credit,,Прочие доходы,СМ-Клиника,False
1834,2024-05-10,Перевод Федоров П.Т.,27249.0,credit,,Переводы,Федоров П.Т.,False
1835,2024-05-22,Перевод между своими счетами,26950.0,credit,,Переводы,Иванова А.П.,False
1836,2024-04-28,ASHAN,1149.0,debit,,Продукты,Ашан,False
1837,2024-04-10,OPLATA TOVAROV RENDEZ-VOUS,6409.0,debit,,Одежда и обувь,Rendez-Vous,False
1838,2024-06-03,TERMINAL 786314 DIKSI KAZAN,4549.0,debit,5411,Продукты,Дикси,False
1839,2024-06-12,МАРКЕТПЛЕЙС ОПЛАТА 691491,1849.0,debit,,Прочее,,False
1840,2024-04-23,POKKUPKA ROSNEFT AZS NOVOSIBIRSK,299.0,debit,5541,Транспорт,Роснефть АЗС,False
1841,2024-04-29,Оплата товара 835496,9799.0,debit,,Прочее,,False
1842,2024-05-09,OPLATA BOULING KOSMIK,3190.0,debit,,Развлечения,Боулинг Космик,False
1843,2024-06-16,POS PARK GORKOGO,790.0,debit,7832,Развлечения,Парк Горького,False
1844,2024-06-23,Внутрибанковский перевод Волкова А.О.,37209.0,debit,,Переводы,Волкова А.О.,False
1845,2024-05-20,Перевод СБП Попов Т.С.,19800.0,debit,,Переводы,Попов Т.С.,False
1846,2024-05-16,POS APTEKA APREL,13549.0,debit,,Здоровье,Аптека Апрель,False
1847,2024-04-19,POKUPKA TEREMOK VORONEZH,3290.0,debit,,Кафе и рестораны,Теремок,False
1848,2024-05-06,METRO,4290.0,debit,,Продукты,Metro,False
1849,2024-05-12,POKUPKA VKUSVILL EKATERINBURG,5349.0,debit,,Продукты,ВкусВилл,False
1850,2024-04-11,OPLATA TOVAROV INVITRO,1499.0,debit,,Здоровье,Инвитро,False
1851,2024-06-30,POKUPKA TEREMOK CHELYABINSK,1149.0,debit,5812,Кафе и рестораны,Теремок,False
1852,2024-06-11,POKUPKA KOFE HAUZ EKATERINBURG,790.0,debit,,Кафе и рестораны,Кофе Хауз,False
1853,2024-06-22,S7 AIRLINES KRASNOYARSK RUS,28249.0,debit,,Путешествия,S7 Airlines,False
1854,2024-05-07,SALON KRASOTY STIL,4050.0,debit,7230,Красота и уход,Салон Красоты Стиль,False
1855,2024-05-30,POKUPKA TVOE UFA,11249.0,debit,5661,Одежда и обувь,Твое,False
1856,2024-04-03,POKUPKA S7 AIRLINES UFA,57400.0,debit,4112,Путешествия,S7 Airlines,False
1857,2024-05-17,TERMINAL 608707 MAGNIT NIZHNIY NOVGOROD,3949.0,debit,,Продукты,Магнит,False
1858,2024-06-09,Внутрибанковский перевод Морозова А.И.,18450.0,credit,,Переводы,Морозова А.И.,False
1859,2024-05-18,Перевод Попов П.С.,30849.0,debit,,Переводы,Попов П.С.,False
1860,2024-05-23,Комиссия за обслуживание счет №287081,3100.0,debit,,Финансовые услуги,Комиссия за обслуживание,False
1861,2024-05-23,YANDEKS PLYUS,2549.0,debit,7994,Развлечения,Яндекс Плюс,False
1862,2024-05-29,TERMIINAL 508962 MAGNIT SAMARA,2809.0,debit,,Продукты,Магнит,False
1863,2024-04-27,POS FIX PRICE,28690.0,debit,,Дом и ремонт,Fix Price,False
1864,2024-05-13,TERMINAL 485487 DOMINOS PIZZA SANKT-PETERBURG,1749.0,debit,5812,Кафе и рестораны,Dominos Pizza,False
1865,2024-04-26,LENTA,249.0,debit,5422,Продукты,Лента,False
1866,2024-06-25,POKUPKA YANDEKS TAKSI NIZHNIY NOVGOROD,2990.0,debit,7523,Транспорт,Яндекс Такси,False
1867,2024-05-16,POS PRIME,449.0,debit,5814,Кафе и рестораны,Prime,False
1868,2024-05-19,TEREMOK SANKT-PETERBURG RUS,2249.0,debit,5812,Кафе и рестораны,Теремок,False
1869,2024-04-21,CINNABON KAZAN RUS,2009.0,debit,,Кафе и рестораны,Cinnabon,False
1870,2024-05-12,TUTU.RU CHELYBAINSK RUS,3790.0,debit,7011,Путешествия,Туту.ру,False
1871,2024-05-16,ВОЗВРАТ SBP Петров Ю.В.,58000.0,credit,,Прочие доходы,GeekBrains,False
1872,2024-05-24,POS SITIMOBIL,2449.0,debit,,Транспорт,Ситимобил,False
1873,2024-04-24,Учи.ру счет №799144,18100.0,debit,,Образование,Учи.ру,False
1874,2024-06-04,TERMINAL 921845 SPAR NOVOSIBIRSK,300.0,debit,,Продукты,Spar,False
1875,2024-05-11,OPLATA MTS MAGAZIN,24599.0,debit,5732,Электроника и техника,МТС Магазин,False
1876,2024-06-16,TERMINAL 859259 HOFF CHELYABINSK,5100.0,debit,5211,Дом и ремонт,Hoff,False
1877,2024-06-07,TERMINAL 915612 PEREKRESTOK NIZHNIY NOVGOROD,1950.0,debit,,Продукты,Перекресток,False
1878,2024-05-23,ASHNA,1699.0,debit,5412,Продукты,Ашан,False
1879,2024-06-30,LUKOYL AZS NIZHNIY NOVGOROD RUS,590.0,debit,5541,Транспорт,Лукойл АЗС,False
1880,2024-06-30,Газпром Межрегионгаз абонентская плата,2900.0,debit,4900,ЖКХ и связь,Газпром Межрегионгаз,False
1881,2024-04-10,PPOKUPKA KINOPOISK CHELYABINSK,3990.0,debit,,Развлечения,Кинопоиск,False
1882,2024-04-12,Перевод по номеру телефона +7 964 890-44-78,32109.0,debit,,Переводы,Федоров Н.С.,False
1883,2024-06-13,Списание ЖКУ Лабиринт,4909.0,debit,8299,Образование,Лабиринт,False
1884,2024-05-04,TERMINAL 122274 LUKOYL AZS SANKT-PETERBURG,1099.0,debit,,Транспорт,Лукойл АЗС,False
1885,2024-05-27,MAGNI*961744,3699.0,debit,5412,Продукты,Магнит,False
1886,2024-06-16,П2П перевод Кузнецов А.А.,21949.0,credit,,Переводы,Кузнецов А.А.,False
1887,2024-05-24,MOSKOVSKIY METROPOLITEN*609783,2449.0,debit,5541,Транспорт,Московский метрополитен,False
1888,2024-04-03,AKRI,1990.0,debit,5651,Одежда и обувь,Kari,False
1889,2024-04-20,POKUPKA KFC EKATERINBURG,2149.0,debit,5812,Кафе и рестораны,KFC,False
1890,2024-05-06,POKUPKA MAGNIT NIZHNIY NOVGOROD,1299.0,debit,,Продукты,Магнит,False
1891,2024-06-02,OPLATA ASAN,2009.0,debit,5412,Продукты,Ашан,False
1892,2024-06-06,YANDEX TRAVEL,51999.0,debit,7011,Путешествия,Yandex Travel,False
1893,2024-04-16,TERMINAL 521685 SPORTMASTER KAZAAN,4890.0,debit,5661,Одежда и обувь,Спортмастер,False
1894,2024-04-11,МТС абонентская плата,1349.0,debit,4814,ЖКХ и связь,МТС,False
1895,2024-06-16,STEAM*56216,3000.0,debit,,Развлечения,Steam,False
1896,2024-04-22,ИП Новикоов Н.А. консультация врача,5200.0,debit,,Здоровье,Новиков Н.А.,False
1897,2024-04-25,POS PARK GORKOGO,3350.0,debit,7994,Развлечения,Парк Горького,False
1898,2024-04-29,OPLATA TOVAROV FIX PRICE,5399.0,debit,,Дом и ремонт,Fix Price,False
1899,2024-06-08,SUSHI WOK*791871,3709.0,debit,5812,Кафе и рестораны,Sushi Wok,False
1900,2024-04-07,OPLATA TOVAROV VKUSNO I TOCHKA,2949.0,debit,,Кафе и рестораны,Вкусно и точка,False
1901,2024-05-02,POS S7 AIRLINES,38750.0,debit,,Путешествия,S7 Airlines,False
1902,2024-04-28,Перевод СБП Попов Д.М.,39790.0,credit,,Переводы,Попов Д.М.,False
1903,2024-04-23,TERMINAL 5449793 ASHAN ROSTOV-NA-DONU,349.0,debit,5412,Продукты,Ашан,False
1904,2024-04-12,ИП Петров А..Н консультация врача,13300.0,debit,,Здоровье,Петров А.Н.,False
1905,2024-05-07,Учи.ру абонентскяа плата,9590.0,debit,8299,Образование,Учи.ру,False
1906,2024-04-23,METRO EKATERINBURG RUS,609.0,debit,5422,Продукты,Metro,False
1907,2024-06-15,OPLATA TOVAROV ZRAA,1950.0,debit,5651,Одежда и обувь,Zara,False
1908,2024-05-17,OPLAA METRO,1909.0,debit,,Продукты,Metro,False
1909,2024-06-18,TERMINAL 45315 FORMULA KINO EKATERINBURG,3599.0,debit,,Развлечения,Формула Кино,False
1910,2024-05-02,OPLATA BOULING KOSMIK,590.0,debit,7994,Развлечения,Боулинг Космик,False
1911,2024-05-10,OPLATA LIME,8549.0,debit,5661,Одежда и обувь,LIME,False
1912,2024-06-04,OPLATA ASHAN,3149.0,debit,5411,Продукты,Ашан,False
1913,2024-05-04,WHOOSH,950.0,debit,5541,Транспорт,Whoosh,False
1914,2024-05-16,KINOPOISK*903587,2049.0,debit,7832,Развлечения,Кинопоиск,False
1915,2024-04-07,OPLATA PEREKRESTOK,2409.0,debit,,Продукты,Перекресток,False
1916,2024-04-08,VKUSNO I TOCHKA ROSTOV-NA-DONU RUS,1990.0,debit,5814,Кафе и рестораны,Вкусно и точка,False
1917,2024-05-29,ECCO,3849.0,debit,5661,Одежда и обувь,Ecco,False
1918,2024-06-04,TERMIINAL 81261 MAGNIT VORONEZH,2899.0,debit,,Продукты,Магнит,False
1919,2024-06-26,POS WINK,599.0,debit,,Развлечения,Wink,False
1920,2024-06-04,ONEPRICE,1999.0,debit,7298,Красота и уход,OnePrice,False
1921,2024-06-01,POS MEDSI,4200.0,debit,8099,Здоровье,Медси,False
1922,2024-04-14,PARK GORKOGO NIZHNIY NOVGROOD RUS,2250.0,debit,7994,Развлечения,Парк Горького,False
1923,2024-04-26,POKUPKA APTEKA RIGLA UFA,11599.0,debit,,Здоровье,Аптека Ригла,False
1924,2024-04-23,SPAR*792044,809.0,debit,5412,Продукты,Spar,False
1925,2024-05-07,OPLATA TOVAROV NIARMEDIK,13300.0,debit,,Здоровье,Ниармедик,False
1926,2024-06-26,OPLATA ONEPRICE,6799.0,debit,,Красота и уход,OnePrice,False
1927,2024-05-05,Яндекс Практикум счет №797924,2050.0,debit,8299,Образование,Яндекс Практикум,False
1928,2024-04-14,ЕИРЦ абоннтская плата,3799.0,debit,4900,ЖКХ и связь,ЕИРЦ,False
1929,2024-06-28,Оплата услуг Сбербанк Комиссия,1009.0,debit,,Финансовые услуги,Сбербанк Комиссия,False
1930,2024-06-09,POKUPKA ZRHD ROSTOV-NA-DONU,55500.0,debit,,Путешествия,РЖД,False
1931,2024-06-22,LIME,5690.0,debit,5661,Одежда и обувь,LIME,False
1932,2024-05-27,OPLATA TOVAROV PYATEROCHKA,4200.0,debit,5411,Продукты,Пятёрочка,False
1933,2024-06-12,OPLATA DELIMOBIL,2199.0,debit,4121,Транспорт,Delimobil,False
1934,2024-05-29,OPLATA TOVAROV LENTA,4450.0,debit,5412,Продукты,Лента,False
1935,2024-06-20,YANDEX MARKET,1999.0,debit,,Прочее,,False
1936,2024-06-18,П2П перевод Смирнов С.М.,33790.0,credit,,Переводы,Смирнов С.М.,False
1937,2024-06-29,MAGNT,750.0,debit,5412,Продукты,Магнит,False
1938,2024-05-11,Перевод по номеру телефона +7 931 157-29-14,1699.0,debit,,Переводы,Волкова Т.А.,False
1939,2024-05-18,POKUPKA DIKSI VORONEZH,1349.0,debit,5411,Продукты,Дикси,False
1940,2024-06-27,Газрпом Межрегионгаз счет №329192,1349.0,debit,,ЖКХ и связь,Газпром Межрегионгаз,False
1941,2024-04-19,OPLTAA TOVAROV RIV GOSH,1500.0,debit,7298,Красота и уход,Рив Гош,False
1942,2024-05-29,ИП Волков П.А. косметолог,1700.0,debit,,Красота и уход,Волков П.А.,False
1943,2024-06-22,Возврат покупки Аэроэкспресс,51249.0,credit,,Прочие доходы,Аэроэкспресс,False
1944,2024-05-23,OPLATA TOVAROV SVYAZNOY,32890.0,debit,,Электроника и техника,Связной,False
1945,2024-06-20,Ростелеком абонентская плаат,1490.0,debit,4814,ЖКХ и связь,Ростелеком,False
1946,2024-06-28,Списание по операции №769153,9109.0,debit,,Прочее,,False
1947,2024-05-13,Списание ЖКУ ТСЖ Пример,6450.0,debit,,ЖКХ и связь,ТСЖ Пример,False
1948,2024-05-09,Перевод Иванова С.О.,4890.0,credit,,Переводы,Иванова С.О.,False
1949,2024-04-17,Перевод СБП Федоров Ю.М.,13599.0,credit,,Переводы,Федоров Ю.М.,False
1950,2024-04-22,SITIMOOBIL,1700.0,debit,7523,Транспорт,Ситимобил,False
1951,2024-06-14,TERMINAL 268700 CASTORAMA VORONEZH,13049.0,debit,,Дом и ремонт,Castorama,False
1952,2024-05-05,MAKSIDOM,9599.0,debit,5211,Дом и ремонт,Максидом,False
1953,2024-05-10,OPLATA BOULIING KOSMIK,950.0,debit,7832,Развлечения,Боулинг Космик,False
1954,2024-05-20,TEHNOPARK VORONEZH RUS,58590.0,debit,,Электроника и техника,Технопарк,False
1955,2024-06-02,POS GAZPROMNEFT AZS,1300.0,debit,4111,Транспорт,Газпромнефть АЗС,False
1956,2024-06-09,TERMINAL 335035 METRO ROSTOV-NA-DONU,1209.0,debit,,Продукты,Metro,False
1957,2024-05-16,FORMULA KINO NOVOSIBIRSK RUS,3509.0,debit,7832,Развлечения,Формула Кино,False
1958,2024-05-10,IWNK MOSKVA RUS,2850.0,debit,5815,Развлечения,Wink,False
1959,2024-06-28,Учи.ру счет 6№063,6650.0,debit,,Образование,Учи.ру,False
1960,2024-06-05,TERMINAL 596294 MU-MU SANKT-PETERBURG,2590.0,debit,5814,Кафе и рестораны,Му-Му,False
1961,2024-05-18,OPLATA TOVAROV SPAR,400.0,debit,5422,Продукты,Spar,False
1962,2024-05-12,OPLATA LENTA,5450.0,debit,5412,Продукты,Лента,False
1963,2024-06-20,POS AYNDEKS TAKSI,2190.0,debit,,Транспорт,Яндекс Такси,False
1964,2024-05-19,ASHAN DOM*97958,16799.0,debit,,Дом и ремонт,Ашан Дом,False
1965,2024-04-06,POS BOULING KOSMIK,1199.0,debit,,Развлечения,Боулинг Космик,False
1966,2024-05-20,KINOTEATR KARO*214336,1450.0,debit,5815,Развлечения,Кинотеатр Каро,False
1967,2024-05-06,СОГАЗ счет №627241,2909.0,debit,6051,Финансовые услуги,СОГАЗ,False
1968,2024-04-22,CINNNABON,2990.0,debit,,Кафе и рестораны,Cinnabon,False
1969,2024-05-11,POKUPKA AEROEKSPRSS NOVOSIBIRSK,2990.0,debit,,Транспорт,Аэроэкспресс,False
1970,2024-05-02,VKUSNO I TOCHKA*526123,2009.0,debit,5812,Кафе и рестораны,Вкусно и точка,False
1971,2024-05-24,Перевод по номеру телефона +7 949 263-38-54,49700.0,debit,,Переводы,Попов А.О.,False
1972,2024-06-22,ИП Новикова В.Д. репетитор английского,8649.0,debit,8299,Образование,Новикова В.Д.,False
1973,2024-06-23,ASHAN*363756,1850.0,debit,5411,Продукты,Ашан,False
1974,2024-04-25,IL DE BOTE,400.0,debit,7230,Красота и уход,Иль Де Ботэ,False
1975,2024-06-22,Оплата услуг Блиайн,7890.0,debit,4814,ЖКХ и связь,Билайн,False
1976,2024-05-06,POS IL DE BOTE,3150.0,debit,,Красота и уход,Иль Де Ботэ,False
1977,2024-06-12,SBP PEREVOD Попова Ю.В.,48599.0,debit,,Переводы,Попова Ю.В.,False
1978,2024-05-19,SPAR CHELYABINSK RUS,2300.0,debit,5411,Продукты,Spar,False
1979,2024-05-22,KFC*524470,3290.0,debit,,Кафе и рестораны,KFC,False
1980,2024-04-23,POS SPAR,5700.0,debit,5412,Продукты,Spar,False
1981,2024-04-26,ASHAN*7994627,5750.0,debit,5411,Продукты,Ашан,False
1982,2024-06-14,TERMINAL 981363 ECCO CHELYABINSK,8550.0,debit,,Одежда и обувь,Ecco,False
1983,2024-04-12,Оплата GeekBrains л/с 927809,21350.0,debit,8299,Образование,GeekBrains,False
1984,2024-06-17,OPLAAT TOVAROV LENTA,3899.0,debit,5412,Продукты,Лента,False
1985,2024-06-04,OPLATA TOVAROV HOTELTONIGHT,8499.0,debit,,Путешествия,Hoteltonight,False
1986,2024-06-11,Списание ЖКУ Ростелеком,5950.0,debit,4900,ЖКХ и связь,Ростелеком,False
1987,2024-04-18,TERMINAL 885449 KOFE HAUZ NIZHNIY NOVGOROD,3099.0,debit,5814,Кафе и рестораны,Кофе Хауз,False
1988,2024-06-15,TERMINAL 692981 VKUSNO I TOCHKA MOSKVA,3209.0,debit,,Кафе и рестораны,Вкусно и точка,False
1989,2024-06-30,Перевод СБП Федоров Н.В.,26650.0,debit,,Переводы,Федоров Н.В.,False
1990,2024-06-08,POS DIKSI,3599.0,debit,5422,Продукты,Дикси,False
1991,2024-05-17,POS FORMULA KINO,2850.0,debit,7832,Развлечения,Формула Кино,False
1992,2024-05-30,POKUPKA SITIOMBIL MOSKVA,1999.0,debit,4121,Транспорт,Ситимобил,False
1993,2024-04-28,Оплата Сбербанк Комиссия л/с 54433,3749.0,debit,6012,Финансовые услуги,Сбербанк Комиссия,False
1994,2024-06-05,TERMINAL 56439 RZHD SANKT-PETERBURG,12900.0,debit,,Путешествия,РЖД,False
1995,2024-05-31,ИП Морозов .АА. частный извоз,650.0,debit,,Транспорт,Морозов А.А.,False
1996,2024-06-11,OPLATA TOVAROOV H&M,5209.0,debit,5661,Одежда и обувь,H&M,False
1997,2024-04-24,HOFF,3209.0,debit,5200,Дом и ремонт,Hoff,False
1998,2024-06-28,OPLATA LUOKYL AZS,1090.0,debit,,Транспорт,Лукойл АЗС,False
1999,2024-06-01,OPLATA TOVAROV SITIDRAYV,1450.0,debit,4111,Транспорт,Ситидрайв,False
2000,2024-05-01,TERMINAL 111922 SPAR SANKT-PETERBURG,3349.0,debit,5422,Продукты,Spar,False
2001,2024-05-29,PETROVICH NOVOSIBIRSK RUS,22809.0,debit,,Дом и ремонт,Petrovich,False
2002,2024-06-30,OPLATA CINNABNO,350.0,debit,5812,Кафе и рестораны,Cinnabon,False
2003,2024-06-29,GAZPROMNEFT AZS,1699.0,debit,4111,Транспорт,Газпромнефть АЗС,False
2004,2024-06-07,POS ASHAN,1290.0,debit,5412,Продукты,Ашан,False
2005,2024-05-28,Кэшбэк по карте,49650.0,credit,,Прочие доходы,Московская Школа,False
2006,2024-05-30,П2П перевод Федоров О.В.,3449.0,debit,,Переводы,Федоров О.В.,False
2007,2024-06-21,Перевод Попов С.П.,44790.0,credit,,Переводы,Попов С.П.,False
2008,2024-04-02,M.VIDEEO,61490.0,debit,5732,Электроника и техника,М.Видео,False
2009,2024-06-27,МТС счет №908754,2599.0,debit,4900,ЖКХ и связь,МТС,False
2010,2024-05-21,OPLATA KINOTEATR KARO,4100.0,debit,,Развлечения,Кинотеатр Каро,False
2011,2024-04-21,ВОЗВРАТ SBP Иванова Е.П.,42999.0,credit,,Прочие доходы,Читай-город,False
2012,2024-06-19,Пополнение счета от Соколов А.А.,21049.0,credit,,Прочие доходы,Castorama,False
2013,2024-06-15,ИП Попова П.В. сантехник услуги,12790.0,debit,5200,Дом и ремонт,Попова П.В.,False
2014,2024-05-04,RIV GOSH*337542,7300.0,debit,7230,Красота и уход,Рив Гош,False
2015,2024-05-15,POKUPKA LUKOYL AZS SANKT-PETERBURG,2350.0,debit,5541,Транспорт,Лукойл АЗС,False
2016,2024-05-02,Оплата Ростелеком л/с 896569,609.0,debit,,ЖКХ и связь,Ростелеком,False
2017,2024-05-07,TERMINAL 20776 ASHAAN EKATERINBURG,5099.0,debit,,Продукты,Ашан,False
2018,2024-05-12,OSKOVSKIY METROPOLITEN,649.0,debit,5541,Транспорт,Московский метрополитен,False
2019,2024-06-23,OPLATA TOVAROV OSTROVOK,45450.0,debit,,Путешествия,ОстровОК,False
2020,2024-05-23,POS NIARMEDIK,11650.0,debit,5912,Здоровье,Ниармедик,False
2021,2024-05-11,ОПЛ Совкомбанк Страхование л/с 705348,999.0,debit,,Финансовые услуги,Совкомбанк Страхование,False
2022,2024-05-29,OPLATA TOVAROV ROSNEFT AZS,2500.0,debit,7523,Транспорт,Роснефть АЗС,False
2023,2024-06-04,Оплата Московская Школа л/с 717379,23609.0,debit,8299,Образование,Московская Школа,False
2024,2024-05-01,TERMINAL 726225 NAIL BAR SMAARA,7150.0,debit,,Красота и уход,Nail Bar,False
2025,2024-04-16,Перевод Иванов А.Т.,45949.0,credit,,Переводы,Иванов А.Т.,False
2026,2024-06-27,LIME,4790.0,debit,5661,Одежда и обувь,LIME,False
2027,2024-04-15,Выплата премии АО Вымпел,86199.0,credit,,Прочие доходы,Ситимобил,False
2028,2024-06-23,POS PLAYSTATION STORE,3509.0,debit,5815,Развлечения,PlayStation Store,False
2029,2024-04-16,OPLATA TOVAROV SPAR,2190.0,debit,5411,Продукты,Spar,False
2030,2024-06-14,POS SHOKOLADNITSA,2050.0,debit,,Кафе и рестораны,Шоколадница,False
2031,2024-05-02,CIINNABON VORONEZH RUS,700.0,debit,5812,Кафе и рестораны,Cinnabon,False
2032,2024-05-24,OPLATA TOVAROV RE:STORE,77500.0,debit,5732,Электроника и техника,re:Store,False
2033,2024-05-14,Перевод по номеру телефона +7 946 374-80-61,28890.0,debit,,Переводы,Новиков Е.П.,False
2034,2024-04-19,Оплата ВТБ Страхование л/с 670690,190.0,debit,,Финансовые услуги,ВТБ Страхование,False
2035,2024-06-23,OPLATA O'KEY,4199.0,debit,5411,Продукты,О'Кей,False
2036,2024-06-20,Оплата Skillbox л/с 488119,19190.0,debit,,Образование,Skillbox,False
2037,2024-05-24,OPLATA TOVAROV PRIME,3509.0,debit,5812,Кафе и рестораны,Prime,False
2038,2024-05-13,MU-MU EKATERINBURG RUS,1999.0,debit,,Кафе и рестораны,Му-Му,False
2039,2024-06-30,POKUPKA IKEA SAMARA,13490.0,debit,,Дом и ремонт,IKEA,False
2040,2024-04-13,ZENDEN,11199.0,debit,5661,Одежда и обувь,Zenden,False
2041,2024-05-02,Внутрибанковский перевод Новиков Д.Е.,36990.0,debit,,Переводы,Новиков Д.Е.,False
2042,2024-06-02,POKUPKA VKUSNO I TOCHKA SAMARA,849.0,debit,5814,Кафе и рестораны,Вкусно и точка,False
2043,2024-05-03,TERMINAL 63389 L'ETUAL KAZN,3399.0,debit,,Красота и уход,Л'Этуаль,False
2044,2024-04-11,Списание ЖКУ Foxford,14999.0,debit,,Образование,Foxford,False
2045,2024-05-08,PARK GORKOGO,2649.0,debit,7832,Развлечения,Парк Горького,False
2046,2024-06-07,AAPTEKA APREL,14490.0,debit,5912,Здоровье,Аптека Апрель,False
2047,2024-04-17,SBP PEREVOD Петров В.Ю.,1799.0,debit,,Переводы,Петров В.Ю.,False
2048,2024-04-08,SIITDRAYV NIZHNIY NOVGOROD RUS,1000.0,debit,5541,Транспорт,Ситидрайв,False
2049,2024-05-19,ВОЗВРАТ SBP Попов И.П.,89099.0,credit,,Прочие доходы,PlayStation Store,False
2050,2024-04-12,TERMINAL 610112 PYATEROCHKA EKATERINBURG,3349.0,debit,5411,Продукты,Пятёрочка,False
2051,2024-05-17,Перевод по номеру телефона +7 941 503-30-85,21300.0,debit,,Переводы,Кузнецова С.М.,False
2052,2024-06-23,Начисление процентов на остаток,8249.0,credit,,Прочие доходы,Kari,False
2053,2024-06-15,TERMINAL 329263 SPAR NIZHNIY NOVGOROD,3749.0,debit,5411,Продукты,Spar,False
2054,2024-06-05,Списание по операции №255517,9650.0,debit,,Прочее,,False
2055,2024-05-27,ИП Морозова Е.М. массажист,5849.0,debit,,Здоровье,Морозова Е.М.,False
2056,2024-05-11,KOFE HAUZ UFA RUS,2500.0,debit,5812,Кафе и рестораны,Кофе Хауз,False
2057,2024-05-26,RENDEZ-VOUS SANKT-PETERBURG RUS,3150.0,debit,5661,Одежда и обувь,Rendez-Vous,False
2058,2024-06-12,POKUPKA CINNABON NIZHNIY NOVGOROD,2550.0,debit,5812,Кафе и рестораны,Cinnabon,False
2059,2024-04-07,Внутрибанковский перевод Иванов О.П.,349.0,debit,,Переводы,Иванов О.П.,False
2060,2024-05-19,BUOLING KOSMIK*918042,3600.0,debit,7832,Развлечения,Боулинг Космик,False
2061,2024-05-23,POS SALON KRASOTY STIL,1349.0,debit,,Красота и уход,Салон Красоты Стиль,False
2062,2024-05-28,Оплата услуг Мегафон,4049.0,debit,4900,ЖКХ и связь,Мегафон,False
2063,2024-04-27,POKUPKA PLAYSTATION STORE UFA,1490.0,debit,7832,Развлечения,PlayStation Store,False
2064,2024-05-23,GAZPROMNEFT AZS*735435,2349.0,debit,4111,Транспорт,Газпромнефть АЗС,False
2065,2024-05-31,OPLATA TOVAROV TEREMOK,2649.0,debit,5812,Кафе и рестораны,Теремок,False
2066,2024-04-22,TERMINAL 372500 YANDEKS PLYUS UFA,4790.0,debit,7994,Развлечения,Яндекс Плюс,False
2067,2024-05-16,POS IVI,1849.0,debit,,Развлечения,IVI,False
2068,2024-04-01,O'KEY ROSTOV-NA-DONU RUS,1199.0,debit,,Продукты,О'Кей,False
2069,2024-06-28,Прочие услуги 142532,4190.0,debit,,Прочее,,False
2070,2024-04-10,OPLATA TOVAROV SM-KLINIKA,11799.0,debit,5912,Здоровье,СМ-Клиника,False
2071,2024-05-17,Списание ЖКУ Комиссия за обслуживание,1949.0,debit,6012,Финансовые услуги,Комиссия за обслуживание,False
2072,2024-06-08,Перевод СБП Петров Е.Т.,37899.0,credit,,Переводы,Петров Е.Т.,False
2073,2024-05-30,POS DELIMOBIL,290.0,debit,,Транспорт,Delimobil,False
2074,2024-04-08,Списание ЖКУ Ростелеком,4800.0,debit,,ЖКХ и связь,Ростелеком,False
2075,2024-05-18,POKUPKA ECCO CHELYABINSK,950.0,debit,5661,Одежда и обувь,Ecco,False
2076,2024-04-13,SHOKOLADNITSA*42211,2600.0,debit,,Кафе и рестораны,Шоколадница,False
2077,2024-06-19,OPLATA MAAGNIT,3790.0,debit,5412,Продукты,Магнит,False
2078,2024-04-24,KOFE HAUZ UFA RUS,2850.0,debit,,Кафе и рестораны,Кофе Хауз,False
2079,2024-06-23,Перевод по номеру телефона +7 961 387-61-24,46109.0,credit,,Переводы,Морозов И.Е.,False
2080,2024-06-29,POKUPKA RENDEZ-VOUS CHELYABINSK,8609.0,debit,,Одежда и обувь,Rendez-Vous,False
2081,2024-04-07,Списание ЖКУ МосЭнергоСбыт,1850.0,debit,4814,ЖКХ и связь,МосЭнергоСбыт,False
2082,2024-04-12,OPLATA ASHAN,5350.0,debit,5422,Продукты,Ашан,False
2083,2024-06-16,POS SITIMOBIL,2150.0,debit,5541,Транспорт,Ситимобил,False
2084,2024-06-26,POKUPKA DELIMOBIL SAMARA,2649.0,debit,7523,Транспорт,Delimobil,False
2085,2024-05-26,СОГАЗ абонентская плата,1449.0,debit,,Финансовые услуги,СОГАЗ,False
2086,2024-04-28,OPLATA TOVAROV STEAM,749.0,debit,7832,Развлечения,Steam,False
2087,2024-05-05,TEHNOPARK UFA RUS,15090.0,debit,5732,Электроника и техника,Технопарк,False
2088,2024-04-18,OPLATA TOVROV CASTORAMA,23949.0,debit,,Дом и ремонт,Castorama,False
2089,2024-05-13,DOMINOS PIZZA,1349.0,debit,5812,Кафе и рестораны,Dominos Pizza,False
2090,2024-06-22,ВТБ Страхование счет №956402,2609.0,debit,,Финансовые услуги,ВТБ Страхование,False
2091,2024-04-30,Выплата премии ООО Ромашка,56399.0,credit,,Прочие доходы,Максидом,False
2092,2024-06-26,OPLATA OZON ELECTRONICS,19149.0,debit,,Электроника и техника,Ozon Electronics,False
2093,2024-06-18,OPLATA TOVAROV PARK ORKOGO,2509.0,debit,,Развлечения,Парк Горького,False
2094,2024-05-11,OPLATA TOVAROV LENTA,3299.0,debit,5411,Продукты,Лента,False
2095,2024-05-02,OPLATA TOVAROV MAGNIT KOSMETIK,6850.0,debit,7298,Красота и уход,Магнит Косметик,False
2096,2024-04-25,TERRMINAL 792694 ASHAN KRASNOYARSK,1809.0,debit,5412,Продукты,Ашан,False
2097,2024-06-29,Оплата услуг Учи.ру,23190.0,debit,8220,Образование,Учи.ру,False
2098,2024-05-31,SM-KLINIKA,12649.0,debit,8011,Здоровье,СМ-Клиника,False
2099,2024-06-03,Перевод между своими счетами,22250.0,debit,,Переводы,Соколов О.И.,False
2100,2024-04-21,OPLATA TOVAROV KINOTEATR KARO,1250.0,debit,7832,Развлечения,Кинотеатр Каро,False
2101,2024-06-20,POKUPKA SITILINK NOVOSIBIRSK,68649.0,debit,,Электроника и техника,Ситилинк,False
2102,2024-04-05,OPLATA TOVAROV METRO,2690.0,debit,5412,Продукты,Metro,False
2103,2024-04-02,TERMINAL 494594 METRO MOSKVA,3490.0,debit,5411,Продукты,Metro,False
2104,2024-04-10,Совкомбанк Страхование счет №911644,3750.0,debit,6051,Финансовые услуги,Совкомбанк Страхование,False
2105,2024-05-03,Возврат покупки ЕИРЦ,74509.0,credit,,Прочие доходы,ЕИРЦ,False
2106,2024-05-05,ИП Федоров О.В. электрик услуги,16450.0,debit,,Дом и ремонт,Федоров О.В.,False
2107,2024-06-29,ИП Соколова Ю.И. мастер маникюра,1509.0,debit,,Красота и уход,Соколова Ю.И.,False
2108,2024-05-08,Газпроом Межрегионгаз счет №610594,6590.0,debit,4900,ЖКХ и связь,Газпром Межрегионгаз,False
2109,2024-06-09,Комисия за обслуживание абонентская плата,4199.0,debit,,Финансовые услуги,Комиссия за обслуживание,False
2110,2024-05-31,POS PRIME,3800.0,debit,,Кафе и рестораны,Prime,False
2111,2024-04-15,Coursera сччет №726959,15450.0,debit,8299,Образование,Coursera,False
2112,2024-04-24,ASHAN*860335,1299.0,debit,5422,Продукты,Ашан,False
2113,2024-05-30,YANDEKS PLYUS KAZAN RUS,3799.0,debit,,Развлечения,Яндекс Плюс,False
2114,2024-05-12,OPLATA SITIDRAYV,350.0,debit,4111,Транспорт,Ситидрайв,False
2115,2024-06-17,POS ECCO,4409.0,debit,5651,Одежда и обувь,Ecco,False
2116,2024-06-25,POKUPKA CASTORAMA UFA,15499.0,debit,5200,Дом и ремонт,Castorama,False
2117,2024-06-24,H&M,2209.0,debit,5661,Одежда и обувь,H&M,False
2118,2024-06-11,MEDSI,13000.0,debit,8011,Здоровье,Медси,False
2119,2024-05-20,POKUPKA DOC+ CHELYABINSK,4599.0,debit,,Здоровье,Doc+,False
2120,2024-06-19,PYATEROCHAK,3950.0,debit,,Продукты,Пятёрочка,False
2121,2024-06-16,FORMULA KINO,3509.0,debit,5815,Развлечения,Формула Кино,False
2122,2024-05-03,TERMNIAL 411950 ASHAN SAMARA,5090.0,debit,,Продукты,Ашан,False
2123,2024-05-20,POKUPKA KINOTEATR KARO KRASNOYARSK,3499.0,debit,7832,Развлечения,Кинотеатр Каро,False
2124,2024-04-29,POKUPKA MU-MU CHELYABINSK,3909.0,debit,,Кафе и рестораны,Му-Му,False
2125,2024-05-14,Зачисление заработной платы ООО Технострой,26909.0,credit,,Прочие доходы,Т2,False
2126,2024-04-19,VUSVILL,2200.0,debit,5412,Продукты,ВкусВилл,False
2127,2024-05-30,Оплата услуг ЮMoney Комиссия,3250.0,debit,6051,Финансовые услуги,ЮMoney Комиссия,False
2128,2024-04-02,POS PETROVICH,6950.0,debit,5211,Дом и ремонт,Petrovich,False
2129,2024-06-15,POS TOPGUN BARBERSHOP,7009.0,debit,7230,Красота и уход,TopGun Barbershop,False
2130,2024-06-01,Перевод между своими счетами,20690.0,debit,,Переводы,Егоров Н.А.,False
2131,2024-05-09,TERMINAL 423819 DIKSI MOSKVA,3649.0,debit,,Продукты,Дикси,False
2132,2024-04-06,OPLATA LENTA,1950.0,debit,,Продукты,Лента,False
2133,2024-04-19,ASHAN,3650.0,debit,5412,Продукты,Ашан,False
2134,2024-04-19,MU-MU,450.0,debit,,Кафе и рестораны,Му-Му,False
2135,2024-04-15,POKUPKA PARK GORKOGO CHELYABINSK,2049.0,debit,,Развлечения,Парк Горького,False
2136,2024-05-10,ВТБ Страхование счет №830555,2790.0,debit,6051,Финансовые услуги,ВТБ Страхование,False
2137,2024-05-06,OPLATA TOVAROV TEREMOK,2599.0,debit,,Кафе и рестораны,Теремок,False
2138,2024-05-29,Оплата услуг МосЭнергоСбыт,1649.0,debit,,ЖКХ и связь,МосЭнергоСбыт,False
2139,2024-05-10,DELIMOBIL*210864,2249.0,debit,4121,Транспорт,Delimobil,False
2140,2024-06-12,Оплата УСЛ МосЭнергоСбыт,7809.0,debit,4814,ЖКХ и связь,МосЭнергоСбыт,False
2141,2024-05-25,OPLATA KARI,7990.0,debit,,Одежда и обувь,Kari,False
2142,2024-06-04,WILDBERRIES,3000.0,debit,,Прочее,,False
2143,2024-05-06,OPLATA TOVAROV TEREOK,749.0,debit,,Кафе и рестораны,Теремок,False
2144,2024-05-19,POKUPKA MAKSIDOM KAZAN,28290.0,debit,5211,Дом и ремонт,Максидом,False
2145,2024-05-07,Райффайзен Комиссия абонентская плата,1290.0,debit,6051,Финансовые услуги,Райффайзен Комиссия,False
2146,2024-04-08,OPLATA MTS MAGAZIN,44949.0,debit,5732,Электроника и техника,МТС Магазин,False
2147,2024-04-13,SBP PEREVOD Попов С.И.,12300.0,credit,,Переводы,Попов С.И.,False
2148,2024-04-09,OPLATA POBEDA,34750.0,debit,4112,Путешествия,Победа,False
2149,2024-05-21,POS LENTA,1999.0,debit,5411,Продукты,Лента,False
2150,2024-04-28,SITIMOBIL KRASNOYARSK RUS,950.0,debit,4111,Транспорт,Ситимобил,False
2151,2024-06-19,PLAYSTATION STORE SAMARA RUS,4999.0,debit,5815,Развлечения,PlayStation Store,False
2152,2024-06-25,POKUPKA MMETRO KRASNOYARSK,1350.0,debit,5412,Продукты,Metro,False
2153,2024-05-25,POKUPKA VKUSVILL KAZAN,5999.0,debit,,Продукты,ВкусВилл,False
2154,2024-04-23,O'KEY,2650.0,debit,,Продукты,О'Кей,False
2155,2024-05-01,STEAM NOVOSIBIRSK RUS,4600.0,debit,,Развлечения,Steam,False
2156,2024-04-03,Оплата услуг Т2,850.0,debit,,ЖКХ и связь,Т2,False
2157,2024-05-29,OPLATA TOVARROV SALON KRASOTY STIL,2999.0,debit,7230,Красота и уход,Салон Красоты Стиль,False
2158,2024-06-18,OPLATA ZARA,6399.0,debit,5651,Одежда и обувь,Zara,False
2159,2024-05-11,Перевод между своими счетами,12509.0,debit,,Переводы,Морозова Т.В.,False
2160,2024-05-22,OPLATA TOVAROV PYATEROCHKA,400.0,debit,5411,Продукты,Пятёрочка,False
2161,2024-04-22,OPLATA WINK,390.0,debit,,Развлечения,Wink,False
2162,2024-06-25,OPLATA ASHAN,4149.0,debit,5411,Продукты,Ашан,False
2163,2024-04-11,KFC*960802,2309.0,debit,,Кафе и рестораны,KFC,False
2164,2024-06-19,Внутрибанковский перевод Егорова Н.Д.,16149.0,credit,,Переводы,Егорова Н.Д.,False
2165,2024-06-05,П2П перевод Смирнов Т.А.,17150.0,debit,,Переводы,Смирнов Т.А.,False
2166,2024-05-06,ИП Кузнецов Н.М. стоматолог кабинет,7649.0,debit,,Здоровье,Кузнецов Н.М.,False
2167,2024-04-15,OPLATA TOVAROV SPAR,309.0,debit,,Продукты,Spar,False
2168,2024-05-13,POS METRO,1390.0,debit,,Продукты,Metro,False
2169,2024-06-07,Перевод СБП Петрова М.Д.,8250.0,debit,,Переводы,Петрова М.Д.,False
2170,2024-06-28,Внутрибанковский перевод Петрова А.О.,33690.0,debit,,Переводы,Петрова А.О.,False
2171,2024-04-23,OPLATA TOAROV TVOE,8699.0,debit,5651,Одежда и обувь,Твое,False
2172,2024-04-12,ASHAN KRASNOYARSK RUS,550.0,debit,,Продукты,Ашан,False
2173,2024-06-07,Перевод Попов А.М.,49890.0,credit,,Переводы,Попов А.М.,False
2174,2024-06-14,WHHOOSH,1109.0,debit,4111,Транспорт,Whoosh,False
2175,2024-05-19,Возврат покупки Учи.ру,46500.0,credit,,Прочие доходы,Учи.ру,False
2176,2024-04-24,ZARA CHELYABINSK RUS,3200.0,debit,5651,Одежда и обувь,Zara,False
2177,2024-04-16,TERMINAL 279902 S7 AIRLINES KRASNOYARSK,37849.0,debit,4511,Путешествия,S7 Airlines,False
2178,2024-05-18,ИП Петров И.В. частные уроки,4090.0,debit,8299,Образование,Петров И.В.,False
2179,2024-06-01,Билайн абонентская плата,6149.0,debit,4814,ЖКХ и связь,Билайн,False
2180,2024-05-17,POKUPKA MAGNIT UFA,4350.0,debit,5412,Продукты,Магнит,False
2181,2024-06-25,SPAR*271311,5849.0,debit,,Продукты,Spar,False
2182,2024-04-11,POS SUSHI WOK,1449.0,debit,5812,Кафе и рестораны,Sushi Wok,False
2183,2024-05-19,Совкомбанк Страхование счет №625157,3149.0,debit,6051,Финансовые услуги,Совкомбанк Страхование,False
2184,2024-04-02,Т2 абонентская плтаа,1249.0,debit,4814,ЖКХ и связь,Т2,False
2185,2024-05-04,П2П перевод Соколова В.О.,15550.0,debit,,Переводы,Соколова В.О.,False
2186,2024-05-15,ИП Морозов С.В. услуги перевозки,1290.0,debit,4111,Транспорт,Морозов С.В.,False
2187,2024-04-05,HOTELTONIGHT,12700.0,debit,4511,Путешествия,Hoteltonight,False
2188,2024-06-08,OPLATA OVAROV MAGNIT,3249.0,debit,5411,Продукты,Магнит,False
2189,2024-04-16,МАРКЕТПЛЕЙС ОПЛАТА 317902,890.0,debit,,Прочее,,False
2190,2024-06-03,Списание ЖКУ Московская Школа,24209.0,debit,,Образование,Московская Школа,False
2191,2024-05-03,FORMULA KINO*729127,4649.0,debit,7994,Развлечения,Формула Кино,False
2192,2024-05-23,Зачисление заработной платы ООО Технострой,39109.0,credit,,Прочие доходы,S7 Airlines,False
2193,2024-04-14,DIKSI UFA RUS,5349.0,debit,5412,Продукты,Дикси,False
2194,2024-06-24,Газпром Межрегионгаз счет №483351,7699.0,debit,,ЖКХ и связь,Газпром Межрегионгаз,False
2195,2024-04-09,Оплата ВТБ Страхование л/с 889736,3649.0,debit,6012,Финансовые услуги,ВТБ Страхование,False
2196,2024-04-14,ИП Сидорова А.Е. услуги перевозки,690.0,debit,,Транспорт,Сидорова А.Е.,False
2197,2024-04-20,POKUPKA RIV GOSH KRASNOYARSK,6999.0,debit,7230,Красота и уход,Рив Гош,False
2198,2024-04-08,Кэшбэк по карте,33949.0,credit,,Прочие доходы,TopGun Barbershop,False
2199,2024-04-08,Билайн абонентская плата,2109.0,debit,4814,ЖКХ и связь,Билайн,False
2200,2024-06-01,POKUPKA IL DE BOTE EKATERINBURG,2200.0,debit,7230,Красота и уход,Иль Де Ботэ,False
2201,2024-06-29,POS ASHAAN,549.0,debit,5422,Продукты,Ашан,False
2202,2024-05-20,CINNABON*90891,650.0,debit,5814,Кафе и рестораны,Cinnabon,False
2203,2024-06-22,YANDEX MARKET,6949.0,debit,,Прочее,,False
2204,2024-06-03,KINOPOISK ROSTOV-NA-DONU RUS,4299.0,debit,,Развлечения,Кинопоиск,False
2205,2024-05-11,POKUPKA SITIDRAV CHELYABINSK,600.0,debit,4111,Транспорт,Ситидрайв,False
2206,2024-06-24,Пополнение счета от Егоров В.Н.,18799.0,credit,,Прочие доходы,Пятёрочка,False
2207,2024-06-13,Оплата услуг Мегафон,1649.0,debit,,ЖКХ и связь,Мегафон,False
2208,2024-05-27,IKEA,21309.0,debit,5200,Дом и ремонт,IKEA,False
2209,2024-05-06,ИП Федоров Н.В. сантехник услуги,13050.0,debit,5211,Дом и ремонт,Федоров Н.В.,False
2210,2024-05-16,ASHAN,1249.0,debit,,Продукты,Ашан,False
2211,2024-04-25,TERMINAL 765336 ECCO KAAN,7309.0,debit,5651,Одежда и обувь,Ecco,False
2212,2024-04-15,OPLATA TOVAROV PODRUZHKA,4499.0,debit,,Красота и уход,Подружка,False
2213,2024-04-15,Coursera счет №44903,20400.0,debit,,Образование,Coursera,False
2214,2024-04-16,TERMINAL 813727 VKUSVILL NOVOSIBIRSK,1890.0,debit,5411,Продукты,ВкусВилл,False
2215,2024-06-01,PLATA LENTA,3749.0,debit,,Продукты,Лента,False
2216,2024-06-10,Оплата услуг Skillbox,11209.0,debit,,Образование,Skillbox,False
2217,2024-05-02,POS SITILINK,14209.0,debit,5734,Электроника и техника,Ситилинк,False
2218,2024-06-04,OPLATA TOVAROV HOTELTONIGHT,46649.0,debit,4511,Путешествия,Hoteltonight,False
2219,2024-05-12,OPLATA TOVAROV AEROEKSPRESS,1699.0,debit,4111,Транспорт,Аэроэкспресс,False
2220,2024-04-18,MAGNIT VORONEZH RUS,3599.0,debit,5412,Продукты,Магнит,False
2221,2024-06-06,POS METRRO,2799.0,debit,5412,Продукты,Metro,False
2222,2024-06-24,AEROEKSPRESS,2790.0,debit,4111,Транспорт,Аэроэкспресс,False
2223,2024-05-21,POKUPKA YANDEKS TAKSI UFA,400.0,debit,5541,Транспорт,Яндекс Такси,False
2224,2024-05-20,TERMINAL 998283 CINNABON KRASNOYARSK,2049.0,debit,,Кафе и рестораны,Cinnabon,False
2225,2024-04-24,OPATA TOVAROV PEREKRESTOK,2600.0,debit,5412,Продукты,Перекресток,False
2226,2024-05-08,TERMINAL 848623 CINNABON NIZHNIY NOVGOROD,709.0,debit,5812,Кафе и рестораны,Cinnabon,False
2227,2024-05-24,OPLATA SM-KINIKA,1249.0,debit,8011,Здоровье,СМ-Клиника,False
2228,2024-05-21,KINOTEATR KARO NOVOSIBIRSK RUS,4550.0,debit,7832,Развлечения,Кинотеатр Каро,False
2229,2024-06-11,Оплата УСЛ Газпром Межрегионгаз,649.0,debit,4814,ЖКХ и связь,Газпром Межрегионгаз,False
2230,2024-04-14,TERMINAL 64714 VKUSVLIL ROSTOV-NA-DONU,3309.0,debit,5411,Продукты,ВкусВилл,False
2231,2024-04-10,OPLATA GAZPROMNEFT AZS,1749.0,debit,,Транспорт,Газпромнефть АЗС,False
2232,2024-06-13,OPLATA TOVAROV MAGNIT,5049.0,debit,,Продукты,Магнит,False
2233,2024-04-24,POKUPKA SPORTMASTER NIZHNIY NOVGOROD,2950.0,debit,,Одежда и обувь,Спортмастер,False
2234,2024-04-18,ИП Попов Н.А. услуги перевозки,1109.0,debit,4111,Транспорт,Попов Н.А.,False
2235,2024-06-13,ЕИРЦ абонентская плата,499.0,debit,4900,ЖКХ и связь,ЕИРЦ,False
2236,2024-06-25,POKUPKA ROSNEFT AZS MOSKVA,809.0,debit,,Транспорт,Роснефть АЗС,False
2237,2024-04-13,Списание ЖКУ Мегафон,7890.0,debit,4814,ЖКХ и связь,Мегафон,False
2238,2024-04-06,PYATEROCHKA SAMARA RUS,300.0,debit,5412,Продукты,Пятёрочка,False
2239,2024-05-27,П2П перевод Морозова О.Н.,32800.0,credit,,Переводы,Морозова О.Н.,False
2240,2024-04-02,Внутрибанковский перевод Волков А.И.,16009.0,credit,,Переводы,Волков А.И.,False
2241,2024-06-27,Начисление процентов на остаток,15250.0,credit,,Прочие доходы,Steam,False
2242,2024-05-24,TERMINAL 752232 TVOE VORONEZH,3750.0,debit,5661,Одежда и обувь,Твое,False
2243,2024-04-16,OPLATA O'KEY,1200.0,debit,5411,Продукты,О'Кей,False
2244,2024-05-13,Оплата услуг егафон,4490.0,debit,4900,ЖКХ и связь,Мегафон,False
2245,2024-06-11,POS PEREKRESTOK,3600.0,debit,,Продукты,Перекресток,False
2246,2024-06-11,POKUPKA MOSKOVSKIY METROPOLITEN VORONEZH,349.0,debit,4111,Транспорт,Московский метрополитен,False
2247,2024-05-07,OPLATA TOVAROV YANDEKS PLYUS,509.0,debit,,Развлечения,Яндекс Плюс,False
2248,2024-04-17,OPLATA TOVAROV PEREKRESTOK,3350.0,debit,,Продукты,Перекресток,False
2249,2024-04-16,Списание ЖКУ ЕИРЦ,3750.0,debit,4900,ЖКХ и связь,ЕИРЦ,False
2250,2024-05-02,Водоканал счет №568056,650.0,debit,,ЖКХ и связь,Водоканал,False
2251,2024-04-14,OPLATA APTEKA APREL,1049.0,debit,8099,Здоровье,Аптека Апрель,False
2252,2024-06-04,TERMINAL 867935 DIKSI NOVOSIBIRSK,3149.0,debit,5412,Продукты,Дикси,False
2253,2024-04-04,POKUPKA TEREMOK MOSKVA,1790.0,debit,5814,Кафе и рестораны,Теремок,False
2254,2024-05-19,OPLATA KOFE HAUZ,2700.0,debit,,Кафе и рестораны,Кофе Хауз,False
2255,2024-04-08,OPLATA DNS,51949.0,debit,5734,Электроника и техника,DNS,False
2256,2024-05-12,POKUPKA H&M ROSTOV-NA-DONU,7950.0,debit,5661,Одежда и обувь,H&M,False
2257,2024-04-16,OPLATA MU-MU,750.0,debit,,Кафе и рестораны,Му-Му,False
2258,2024-04-26,TERMINAL 581155 O'KEY NOVOSIBIRSK,1599.0,debit,,Продукты,О'Кей,False
2259,2024-06-25,POS ROSNEFT AZS,2790.0,debit,,Транспорт,Роснефть АЗС,False
2260,2024-05-18,Пополнение счета от Попов А.О.,89690.0,credit,,Прочие доходы,PlayStation Store,False
2261,2024-05-18,OPPLATA TOVAROV MOSKOVSKIY METROPOLITEN,2690.0,debit,5541,Транспорт,Московский метрополитен,False
2262,2024-04-24,M.VIDEO*462350,3190.0,debit,,Электроника и техника,М.Видео,False
2263,2024-04-26,PODRUZHKA KRASNOYARSK RUS,6699.0,debit,7298,Красота и уход,Подружка,False
2264,2024-04-02,POS SITIMOBIL,1400.0,debit,,Транспорт,Ситимобил,False
2265,2024-06-16,ИП Сидоров А.В. услуги перевозки,649.0,debit,,Транспорт,Сидоров А.В.,False
2266,2024-04-17,Оплата Комиссия за обслуживание л/с 859925,2600.0,debit,,Финансовые услуги,Комиссия за обслуживание,False
2267,2024-05-16,Внутрибанковский перевод Морозов Н.А.,11699.0,credit,,Переводы,Морозов Н.А.,False
2268,2024-05-07,Пополнение счета от Смирнов Н.А.,2390.0,credit,,Прочие доходы,re:Store,False
2269,2024-04-28,DIKSI,5649.0,debit,5411,Продукты,Дикси,False
2270,2024-04-15,DELIMOBIL*611577,1109.0,debit,,Транспорт,Delimobil,False
2271,2024-06-04,Выплата премии АО Вымпел,86509.0,credit,,Прочие доходы,Аэрофлот,False
2272,2024-06-01,OPLATA SHOKOLADNITSA,3709.0,debit,5812,Кафе и рестораны,Шоколадница,False
2273,2024-04-23,TERMINAL 897046 GAZPROMNEFT AZS SANKT-PETERBURG,1149.0,debit,5541,Транспорт,Газпромнефть АЗС,False
2274,2024-05-01,Кэшбэк по карте,26350.0,credit,,Прочие доходы,МТС Магазин,False
2275,2024-06-20,Выплата премии ПАО Энергия,49009.0,credit,,Прочие доходы,GeekBrains,False
2276,2024-05-10,OPALTA MOSKOVSKIY METROPOLITEN,2890.0,debit,4111,Транспорт,Московский метрополитен,False
2277,2024-04-06,POS IKEA,7099.0,debit,,Дом и ремонт,IKEA,False
2278,2024-05-04,PLAYSTATION STORE,4190.0,debit,,Развлечения,PlayStation Store,False
2279,2024-06-05,POKUPKA SPORTMASTER MOSKVA,10349.0,debit,5651,Одежда и обувь,Спортмастер,False
2280,2024-04-01,TERMINAL 895164 SHOKOLADNITSA NOVOSIBIRSK,3809.0,debit,5814,Кафе и рестораны,Шоколадница,False
2281,2024-05-08,SITIMOBIL ROSTOV-NA-DONU RUS,1349.0,debit,,Транспорт,Ситимобил,False
2282,2024-06-13,Оплата улуг СОГАЗ,900.0,debit,6012,Финансовые услуги,СОГАЗ,False
2283,2024-05-07,Мегафон счет №617964,890.0,debit,,ЖКХ и связь,Мегафон,False
2284,2024-04-13,TERMINAL 512938 O'KEY EKATERINBURG,4400.0,debit,5412,Продукты,О'Кей,False
2285,2024-04-13,POKUPKA H&M NIZHNIY NOVGOROD,9800.0,debit,5651,Одежда и обувь,H&M,False
2286,2024-05-15,WILDBERRIES FASHION EKATERINBURG RUS,1299.0,debit,,Одежда и обувь,Wildberries Fashion,False
2287,2024-04-29,POKUPKA STEAM KAZAN,4100.0,debit,7832,Развлечения,Steam,False
2288,2024-05-13,OPLATA MAKSIDOM,22509.0,debit,,Дом и ремонт,Максидом,False
2289,2024-05-13,PARK GORKOGO*374308,1090.0,debit,5815,Развлечения,Парк Горького,False
2290,2024-05-20,ВОЗВРАТ SBP Петрова И.И.,83449.0,credit,,Прочие доходы,Wink,False
2291,2024-04-04,ИП Сидоров Е.Е. массажист,14699.0,debit,,Здоровье,Сидоров Е.Е.,False
2292,2024-06-22,Оплата Foxfrod л/с 148515,7890.0,debit,,Образование,Foxford,False
2293,2024-05-24,Списание ЖКУ Ростелеком,5699.0,debit,,ЖКХ и связь,Ростелеком,False
2294,2024-04-03,DELIMOBILL*98302,1499.0,debit,4121,Транспорт,Delimobil,False
2295,2024-04-02,ИП Иванов М.А. сантехник услуги,13200.0,debit,5211,Дом и ремонт,Иванов М.А.,False
2296,2024-06-22,Совкомбанк Страхование счет №55104,1549.0,debit,6012,Финансовые услуги,Совкомбанк Страхование,False
2297,2024-04-21,TERMINAL 180128 NAIL BAR SAMARA,7500.0,debit,7230,Красота и уход,Nail Bar,False
2298,2024-05-19,Оплата услуг Газпром Межрегионгаз,5199.0,debit,4900,ЖКХ и связь,Газпром Межрегионгаз,False
2299,2024-04-17,TERMINAL 674515 PLAYSTATION STORE MOSKVA,4290.0,debit,,Развлечения,PlayStation Store,False
2300,2024-06-26,OPLATA ELDORADO,14709.0,debit,5734,Электроника и техника,Эльдорадо,False
2301,2024-04-03,SHOKOLADNITSA NOVOSIBIRSK RUS,1899.0,debit,,Кафе и рестораны,Шоколадница,False
2302,2024-06-18,RE:STORE,66590.0,debit,5732,Электроника и техника,re:Store,False
2303,2024-06-28,Оплата Нетология л/с 429718,3000.0,debit,8220,Образование,Нетология,False
2304,2024-06-07,ИП Сооклов А.А. парикмахер услуги,599.0,debit,7230,Красота и уход,Соколов А.А.,False
2305,2024-06-16,ASSHAN*397131,4400.0,debit,,Продукты,Ашан,False
2306,2024-06-02,Оплата товара 269462,5390.0,debit,,Прочее,,False
2307,2024-05-09,POKUPKA NIVITRO EKATERINBURG,2509.0,debit,8011,Здоровье,Инвитро,False
2308,2024-05-23,Ростелеком абонентская плата,4199.0,debit,,ЖКХ и связь,Ростелеком,False
2309,2024-06-24,TERMINAL 832574 PARRK GORKOGO SAMARA,2390.0,debit,7994,Развлечения,Парк Горького,False
2310,2024-04-07,Внутрибанковский перевод Новиков А.О.,31290.0,credit,,Переводы,Новиков А.О.,False
2311,2024-05-10,OPLATA OVAROV HOFF,20750.0,debit,,Дом и ремонт,Hoff,False
2312,2024-04-10,OPLATA WINK,4590.0,debit,7832,Развлечения,Wink,False
2313,2024-06-10,TERMINAL 315726 PODRUZHKA CHELYBAINSK,2249.0,debit,,Красота и уход,Подружка,False
2314,2024-06-14,TERMINAL 456398 MOSKOVSKIY METROPOLITEN KAZAN,2099.0,debit,7523,Транспорт,Московский метрополитен,False
2315,2024-04-28,SBP PEREVOD Федоров А.Д.,14509.0,credit,,Переводы,Федоров А.Д.,False
2316,2024-04-02,POS PARK GORKOGO,609.0,debit,7994,Развлечения,Парк Горького,False
2317,2024-04-27,MTS MAGAZIN EKATERINBURG RUS,75299.0,debit,5734,Электроника и техника,МТС Магазин,False
2318,2024-05-01,DIKSI,2449.0,debit,5422,Продукты,Дикси,False
2319,2024-04-03,OPLAAT RIV GOSH,1049.0,debit,,Красота и уход,Рив Гош,False
2320,2024-06-30,SVYZANOY,30650.0,debit,,Электроника и техника,Связной,False
2321,2024-05-12,TERMINAL 855084 GAZPROMNEFT AZS ROSTOV-NA-DONU,1609.0,debit,4121,Транспорт,Газпромнефть АЗС,False
2322,2024-05-05,OON ELECTRONICS UFA RUS,62849.0,debit,,Электроника и техника,Ozon Electronics,False
2323,2024-04-10,DIKSI*674651,949.0,debit,,Продукты,Дикси,False
2324,2024-05-17,Списание по операции №408477,8499.0,debit,,Прочее,,False
2325,2024-05-28,OPLATA OBI,650.0,debit,,Дом и ремонт,ОБИ,False
2326,2024-06-19,Оплата услуг Водоканнал,7309.0,debit,4814,ЖКХ и связь,Водоканал,False
2327,2024-06-26,OPLATA TOVAROV AIRBBN,13890.0,debit,,Путешествия,Airbnb,False
2328,2024-05-30,Зачисление заработной платы ООО Логистик,10309.0,credit,,Прочие доходы,Spar,False
2329,2024-05-27,Списание ЖКУ ТСЖ Пример,6100.0,debit,4900,ЖКХ и связь,ТСЖ Пример,False
2330,2024-04-04,OPLATA TOVAROV LENTA,5009.0,debit,,Продукты,Лента,False
2331,2024-04-28,OPLATA DOMINOS PIZZA,2900.0,debit,,Кафе и рестораны,Dominos Pizza,False
2332,2024-05-25,PARK GORKOGO,4500.0,debit,7832,Развлечения,Парк Горького,False
2333,2024-05-08,OPLATA PAKR GORKOGO,4500.0,debit,7994,Развлечения,Парк Горького,False
2334,2024-04-14,TERMINAL 961473 ECCO SANKT-PETERBURG,800.0,debit,,Одежда и обувь,Ecco,False
2335,2024-05-23,POS ZARA,3409.0,debit,,Одежда и обувь,Zara,False
2336,2024-06-18,ZDRAVSITI MMOSKVA RUS,7209.0,debit,8099,Здоровье,Здравсити,False
2337,2024-04-01,Оплата Мегафон л/с 662615,7150.0,debit,4900,ЖКХ и связь,Мегафон,False
2338,2024-06-30,ИП Федорова Ю.Ю. мастер маникюра,2650.0,debit,,Красота и уход,Федорова Ю.Ю.,False
2339,2024-04-02,OPLAA WILDBERRIES FASHION,10299.0,debit,5661,Одежда и обувь,Wildberries Fashion,False
2340,2024-06-06,FORMULA KINO UFA RUS,2650.0,debit,5815,Развлечения,Формула Кино,False
2341,2024-04-07,OPLATA DELIMOBIL,1549.0,debit,,Транспорт,Delimobil,False
2342,2024-06-21,POS DIKSI,899.0,debit,,Продукты,Дикси,False
2343,2024-06-07,VKUSVILL*229374,2509.0,debit,5422,Продукты,ВкусВилл,False
2344,2024-06-08,Оплата Т2 л/с 575480,2990.0,debit,,ЖКХ и связь,Т2,False
2345,2024-04-29,ВОЗВРАТ SBP Егорова П.И.,57099.0,credit,,Прочие доходы,ЕИРЦ,False
2346,2024-05-07,OPLATA TOVAROV MAGNIT,4299.0,debit,5412,Продукты,Магнит,False
2347,2024-04-16,Пополнение счета от Волков А.А.,2800.0,credit,,Прочие доходы,Dominos Pizza,False
2348,2024-05-24,OPLATA TOVAROV PEREKRESTOK,5590.0,debit,5422,Продукты,Перекресток,False
2349,2024-06-29,OPLATA SITTIDRAYV,1199.0,debit,7523,Транспорт,Ситидрайв,False
2350,2024-06-30,POS APTEKA RIGLA,13800.0,debit,,Здоровье,Аптека Ригла,False
2351,2024-06-30,TERMINAAL 903976 PRIME ROSTOV-NA-DONU,2100.0,debit,,Кафе и рестораны,Prime,False
2352,2024-06-12,STOLICHKI,14500.0,debit,8099,Здоровье,Столички,False
2353,2024-06-11,ИП Скоолова Д.Т. массажист,2390.0,debit,8099,Здоровье,Соколова Д.Т.,False
2354,2024-06-26,Ростелеком счет №292208,6949.0,debit,4814,ЖКХ и связь,Ростелеком,False
2355,2024-04-01,ИП Петрова В.Д. сантехник услуги,24190.0,debit,5211,Дом и ремонт,Петрова В.Д.,False
2356,2024-05-06,ИП Кузнецова И.Ю. улсуги перевозки,2349.0,debit,4111,Транспорт,Кузнецова И.Ю.,False
2357,2024-06-21,LUKOYL AZS,1500.0,debit,4111,Транспорт,Лукойл АЗС,False
2358,2024-04-13,Оплата услуг Сбербанк Комиссия,4399.0,debit,6012,Финансовые услуги,Сбербанк Комиссия,False
2359,2024-05-25,OPLATA PEREKRESTOK,1849.0,debit,5412,Продукты,Перекресток,False
2360,2024-04-05,Оплата УСЛ ВТБ Страхование,1199.0,debit,6012,Финансовые услуги,ВТБ Страхование,False
2361,2024-05-10,OPLATTA ELDORADO,72450.0,debit,5732,Электроника и техника,Эльдорадо,False
2362,2024-04-16,LERUA MERLEN*580390,10550.0,debit,,Дом и ремонт,Леруа Мерлен,False
2363,2024-04-14,METRO,1209.0,debit,5412,Продукты,Metro,False
2364,2024-05-23,YANDEX MARKET,6409.0,debit,,Прочее,,False
2365,2024-05-31,TERMINAL 16490 SUSHI WOK NOVOSIBIRSK,2950.0,debit,5814,Кафе и рестораны,Sushi Wok,False
2366,2024-05-08,POS VKUSVILL,450.0,debit,5412,Продукты,ВкусВилл,False
2367,2024-06-02,TERMINAL 697130 MAGNIT EKATERINBURG,1849.0,debit,5412,Продукты,Магнит,False
2368,2024-05-11,POS KINOTEATR KARO,2149.0,debit,7994,Развлечения,Кинотеатр Каро,False
2369,2024-04-23,Возврат покупки Столички,29100.0,credit,,Прочие доходы,Столички,False
2370,2024-06-26,POKUPKA DOMINOS PIZZA KRASNOYARSK,3690.0,debit,5812,Кафе и рестораны,Dominos Pizza,False
2371,2024-05-20,Опалта Ростелеком л/с 744899,7550.0,debit,,ЖКХ и связь,Ростелеком,False
2372,2024-04-19,TEREMOK*481809,3800.0,debit,5814,Кафе и рестораны,Теремок,False
2373,2024-04-12,POKUPKA MTS MAGAZIN OMSKVA,79790.0,debit,5732,Электроника и техника,МТС Магазин,False
2374,2024-04-24,ЕИРЦ счет №306257,7400.0,debit,4900,ЖКХ и связь,ЕИРЦ,False
2375,2024-06-19,DIKI,1209.0,debit,,Продукты,Дикси,False
2376,2024-06-27,OPLATA RENDEZ-VOUS,2390.0,debit,,Одежда и обувь,Rendez-Vous,False
2377,2024-04-16,TERMINAL 487550 DOMINOS PIZZA SANKT-PETERBURG,3100.0,debit,5812,Кафе и рестораны,Dominos Pizza,False
2378,2024-06-03,TERIMNAL 634469 WILDBERRIES FASHION CHELYABINSK,11899.0,debit,,Одежда и обувь,Wildberries Fashion,False
2379,2024-06-25,МТС счет №165512,2699.0,debit,4900,ЖКХ и связь,МТС,False
2380,2024-06-20,ОПЛ услуг Учи.ру,15650.0,debit,,Образование,Учи.ру,False
2381,2024-05-06,MU-MU,849.0,debit,,Кафе и рестораны,Му-Му,False
2382,2024-04-02,POKUPKA S7 AIRLINES CHELYABINSK,23209.0,debit,,Путешествия,S7 Airlines,False
2383,2024-06-01,ONEPRICE*372088,2609.0,debit,7230,Красота и уход,OnePrice,False
2384,2024-04-08,PYATEROCHKA*763268,1409.0,debit,5412,Продукты,Пятёрочка,False
2385,2024-05-05,OPLATA SPAR,1809.0,debit,5411,Продукты,Spar,False
2386,2024-04-06,Перевод СБП Егорова М.В.,34900.0,debit,,Переводы,Егорова М.В.,False
2387,2024-04-09,TERMINAL 442157 CINNABON SAMARA,1499.0,debit,5814,Кафе и рестораны,Cinnabon,False
2388,2024-04-09,POKUPKA ROSNEFT AZS SANKT-PETERBURG,500.0,debit,,Транспорт,Роснефть АЗС,False
2389,2024-04-11,TREMINAL 695346 MEDSI MOSKVA,3809.0,debit,8011,Здоровье,Медси,False
2390,2024-05-30,OPLATA TOVAROV TEREMOK,3309.0,debit,5814,Кафе и рестораны,Теремок,False
2391,2024-04-10,Перевод по номеру телефона +7 979 464-84-29,3690.0,credit,,Переводы,Сидорова Н.П.,False
2392,2024-06-11,POS BOULING KOSMIK,2250.0,debit,5815,Развлечения,Боулинг Космик,False
2393,2024-05-30,TEHNOPARK KAZAN RUS,19999.0,debit,,Электроника и техника,Технопарк,False
2394,2024-05-13,POKUPKA KARI RSOTOV-NA-DONU,2150.0,debit,5661,Одежда и обувь,Kari,False
2395,2024-04-04,POKUPKA KARI EKATERINBURG,6699.0,debit,5651,Одежда и обувь,Kari,False
2396,2024-04-06,RENDEZ--VOUS*598819,2100.0,debit,5661,Одежда и обувь,Rendez-Vous,False
2397,2024-05-14,POKUPKA ROSNEFT AZS NIZHNIY NOVGOROD,850.0,debit,4121,Транспорт,Роснефть АЗС,False
2398,2024-04-29,Оплата Тинькофф Страхование л/с 192971,1699.0,debit,6012,Финансовые услуги,Тинькофф Страхование,False
2399,2024-05-28,TERMINAL 330268 TVOE KRASNOYARSK,4950.0,debit,,Одежда и обувь,Твое,False
2400,2024-04-18,Совкомбанк Страхование счет №308762,899.0,debit,,Финансовые услуги,Совкомбанк Страхование,False
2401,2024-04-17,Оплата услуг Лабиринт,3800.0,debit,,Образование,Лабиринт,False
2402,2024-05-08,WHOOSH*402685,1000.0,debit,4111,Транспорт,Whoosh,False
2403,2024-04-02,TERMINAL 746497 WILDBERRIES FASHION SAMARA,7390.0,debit,,Одежда и обувь,Wildberries Fashion,False
2404,2024-06-21,OPLATA TOVAROV PYATEROCHKA,1699.0,debit,,Продукты,Пятёрочка,False
2405,2024-06-07,OPLATA ASHAN,4799.0,debit,,Продукты,Ашан,False
2406,2024-04-02,POS ASHAN,3309.0,debit,,Продукты,Ашан,False
2407,2024-04-02,YANDEKS TAKSI*517682,1490.0,debit,5541,Транспорт,Яндекс Такси,False
2408,2024-06-12,SOKOLADNITSA,1909.0,debit,,Кафе и рестораны,Шоколадница,False
2409,2024-06-29,POKUPKA OBI SAARA,2250.0,debit,5200,Дом и ремонт,ОБИ,False
2410,2024-06-11,TERMINAL 66179 STEAM EKATERINBURG,1200.0,debit,7832,Развлечения,Steam,False
2411,2024-04-22,МосЭнергоСбыт счет №307370,2350.0,debit,,ЖКХ и связь,МосЭнергоСбыт,False
2412,2024-06-09,VKUSVILL EKATERINBURG RUS,4150.0,debit,5422,Продукты,ВкусВилл,False
2413,2024-05-19,Оплата Водоканал л/с 523993,5209.0,debit,4900,ЖКХ и связь,Водоканал,False
2414,2024-05-08,POS DOMINOS PIZZA,3690.0,debit,5814,Кафе и рестораны,Dominos Pizza,False
2415,2024-04-19,OZON ELECTRONICS,12049.0,debit,5732,Электроника и техника,Ozon Electronics,False
2416,2024-04-24,HFF,3599.0,debit,,Дом и ремонт,Hoff,False
2417,2024-06-26,M.VIDEO,58849.0,debit,,Электроника и техника,М.Видео,False
2418,2024-05-25,МАРКЕТПЛЕЙС ОПЛАТА 268681,6400.0,debit,,Прочее,,False
2419,2024-06-03,KINOTEATR KARO KAZAN RUS,2149.0,debit,7994,Развлечения,Кинотеатр Каро,False
2420,2024-04-27,OPLATA INVITRO,3499.0,debit,8011,Здоровье,Инвитро,False
2421,2024-05-13,PYATEROCHKA,750.0,debit,5412,Продукты,Пятёрочка,False
2422,2024-04-07,OPLATA TOVAROV SITIMOBIL,349.0,debit,7523,Транспорт,Ситимобил,False
2423,2024-05-07,ИП Новиков Д.А. консультация врача,6600.0,debit,8011,Здоровье,Новиков Д.А.,False
2424,2024-04-25,OPLATA O'KEY,2850.0,debit,5422,Продукты,О'Кей,False
2425,2024-05-19,TERMINAL 69863 DELIMOBIL NOVOSIBIRSK,199.0,debit,,Транспорт,Delimobil,False
2426,2024-05-20,O'KEY*199800,3900.0,debit,5412,Продукты,О'Кей,False
2427,2024-04-17,POKUPKA SPAR VORONEZH,2290.0,debit,,Продукты,Spar,False
2428,2024-06-22,Райффайзен Комиссия абонентская палта,2309.0,debit,6012,Финансовые услуги,Райффайзен Комиссия,False
2429,2024-06-30,Выплата премии ООО Альянс,54490.0,credit,,Прочие доходы,Ренессанс Страхование,False
2430,2024-05-06,POKUPKA KINOPOISK MOSKVA,1250.0,debit,5815,Развлечения,Кинопоиск,False
2431,2024-06-09,PARK GORKOGO ROSTOV-NA-DONU RUS,3209.0,debit,,Развлечения,Парк Горького,False
2432,2024-06-30,POS ASHAN DOM,449.0,debit,5211,Дом и ремонт,Ашан Дом,False
2433,2024-04-20,Оплата Водоканал л/с 132136,6709.0,debit,4900,ЖКХ и связь,Водоканал,False
2434,2024-06-13,Оплата ВТБ Страхование л/с 492931,3700.0,debit,6051,Финансовые услуги,ВТБ Страхование,False
2435,2024-05-26,ERMINAL 209057 NIARMEDIK KRASNOYARSK,13690.0,debit,5912,Здоровье,Ниармедик,False
2436,2024-05-17,POS ASHAN,1409.0,debit,,Продукты,Ашан,False
2437,2024-05-01,OPLATA TOVAROV SPR,5609.0,debit,5422,Продукты,Spar,False
2438,2024-04-24,ИП Попов О.Е. косметолог,3899.0,debit,7298,Красота и уход,Попов О.Е.,False
2439,2024-04-05,POS DEILMOBIL,2899.0,debit,,Транспорт,Delimobil,False
2440,2024-04-17,PRIME*206810,2509.0,debit,5812,Кафе и рестораны,Prime,False
2441,2024-04-30,FORMULA KINO KAZAN RUS,2499.0,debit,,Развлечения,Формула Кино,False
2442,2024-05-19,VKUSVILLL,3500.0,debit,,Продукты,ВкусВилл,False
2443,2024-06-13,ИП Егорова П.О. консультация врача,2400.0,debit,5912,Здоровье,Егорова П.О.,False
2444,2024-06-04,POBEDA NIZHNIY NOVGOROD RUS,28699.0,debit,4112,Путешествия,Победа,False
2445,2024-05-01,CHOP-CHOP BARBERSHOP ROSTOV-NA-DONU RUS,990.0,debit,7298,Красота и уход,Chop-Chop Barbershop,False
2446,2024-04-05,POS PARK GORKGO,4950.0,debit,,Развлечения,Парк Горького,False
2447,2024-04-25,VKUSVLIL,4950.0,debit,5411,Продукты,ВкусВилл,False
2448,2024-04-28,TERMINAL 565895 ASHAN KAZAN,5149.0,debit,,Продукты,Ашан,False
2449,2024-06-28,CCHOP-CHOP BARBERSHOP,3300.0,debit,7298,Красота и уход,Chop-Chop Barbershop,False
2450,2024-04-28,Комиссия за обслуживание счет №26257,1790.0,debit,,Финансовые услуги,Комиссия за обслуживание,False
2451,2024-04-08,ROSNEFT AZS KRASNOYARSK RUS,2999.0,debit,,Транспорт,Роснефть АЗС,False
2452,2024-06-23,АльфаСтрахование счет №748391,4400.0,debit,6012,Финансовые услуги,АльфаСтрахование,False
2453,2024-06-16,PYATEROCHKA,3500.0,debit,5422,Продукты,Пятёрочка,False
2454,2024-06-22,Оплата услуг Coursera,24590.0,debit,8299,Образование,Coursera,False
2455,2024-04-01,POKUPKA WINK ROSTOV-NA-DONU,3290.0,debit,5815,Развлечения,Wink,False
2456,2024-06-19,Оплата товара 665123,4450.0,debit,,Прочее,,False
2457,2024-06-20,TERMINAL 179670 VKUSVILL CHELYABINSK,3949.0,debit,,Продукты,ВкусВилл,False
2458,2024-06-30,Оплата ВТБ Страхование л/с 54168,4499.0,debit,,Финансовые услуги,ВТБ Страхование,False
2459,2024-04-04,TUTU.RU VORONEZH RUS,51900.0,debit,7011,Путешествия,Туту.ру,False
2460,2024-04-12,DELIMOBIL KRASNOYARSK RUS,1390.0,debit,,Транспорт,Delimobil,False
2461,2024-06-15,МАРКЕТПЛЕЙС ОПЛАТА 147284,1049.0,debit,,Прочее,,False
2462,2024-05-07,TERMINAL 636860 ZDRAVSITI KRASNOOYARSK,609.0,debit,8011,Здоровье,Здравсити,False
2463,2024-05-09,OPLATA TOVAROV SITIMOBIL,2609.0,debit,4121,Транспорт,Ситимобил,False
2464,2024-04-10,АльфаСтрахование счет №552513,3300.0,debit,6051,Финансовые услуги,АльфаСтрахование,False
2465,2024-04-19,Оплата Билайн л/с 181247,1750.0,debit,4900,ЖКХ и связь,Билайн,False
2466,2024-05-11,Оплата товара 470286,6400.0,debit,,Прочее,,False
2467,2024-05-02,POKUPKA SALON KRASOTY STIL NOVOSIBIRSK,4909.0,debit,7230,Красота и уход,Салон Красоты Стиль,False
2468,2024-04-30,DOMINOS PIZZA UFA RUS,2290.0,debit,5814,Кафе и рестораны,Dominos Pizza,False
2469,2024-04-20,Оплата ЮMoney Комиссия л/с 339392,4150.0,debit,6012,Финансовые услуги,ЮMoney Комиссия,False
2470,2024-05-19,TVE,1950.0,debit,5661,Одежда и обувь,Твое,False
2471,2024-04-09,OPLATA WHOSH,2449.0,debit,4111,Транспорт,Whoosh,False
2472,2024-05-28,ИП Смирнов И.И. частные уроки,1509.0,debit,,Образование,Смирнов И.И.,False
2473,2024-06-24,POKUPKA OZON ELECTRONICS UFA,45150.0,debit,5734,Электроника и техника,Ozon Electronics,False
2474,2024-06-22,KVUSVILL,790.0,debit,5411,Продукты,ВкусВилл,False
2475,2024-04-15,O'KEY,3400.0,debit,5422,Продукты,О'Кей,False
2476,2024-06-28,POKUPKA SUSHHI WOK NOVOSIBIRSK,1000.0,debit,,Кафе и рестораны,Sushi Wok,False
2477,2024-05-28,PRIME,2090.0,debit,5812,Кафе и рестораны,Prime,False
2478,2024-04-10,TERMINAL 146639 ASHAN CHELYABINSK,4850.0,debit,5412,Продукты,Ашан,False
2479,2024-05-22,YANDEKS TAKSI*519854,2009.0,debit,,Транспорт,Яндекс Такси,False
2480,2024-04-22,TERMINAL 712237 WHOOSH NIZHNIY NOVGOROD,1500.0,debit,,Транспорт,Whoosh,False
2481,2024-06-22,PLAYSTATION STORE*678318,4790.0,debit,7994,Развлечения,PlayStation Store,False
2482,2024-05-27,TERMINAL 372128 ROSNEFT AZS ROSTOV-NA-DONU,1509.0,debit,,Транспорт,Роснефть АЗС,False
2483,2024-04-11,Coursera абонентская плата,9149.0,debit,,Образование,Coursera,False
2484,2024-06-27,ROSNEFT AZS SAMARA RUS,2449.0,debit,4121,Транспорт,Роснефть АЗС,False
2485,2024-04-08,CINNABON*551004,3749.0,debit,5812,Кафе и рестораны,Cinnabon,False
2486,2024-04-15,П2П перевод Новиков А.Ю.,43509.0,credit,,Переводы,Новиков А.Ю.,False
2487,2024-06-27,AVITO USLUGI,5499.0,debit,,Прочее,,False
2488,2024-05-02,CASTORAMA,1290.0,debit,5200,Дом и ремонт,Castorama,False
2489,2024-04-19,ASHAN,1749.0,debit,,Продукты,Ашан,False
2490,2024-05-21,Зачисление заработной платы АО Инновация,76049.0,credit,,Прочие доходы,Т2,False
2491,2024-06-16,SALON KRASOTY STIL,550.0,debit,7298,Красота и уход,Салон Красоты Стиль,False
2492,2024-05-22,Перевод между своими счетами,1290.0,debit,,Переводы,Иванов Т.Т.,False
2493,2024-06-13,Оплата товара 361099,2300.0,debit,,Прочее,,False
2494,2024-06-06,П2П перевод Новикова А.А.,37549.0,credit,,Переводы,Новикова А.А.,False
2495,2024-05-03,OPLATA MAGNTI,1790.0,debit,5411,Продукты,Магнит,False
2496,2024-04-24,SBP PEREVOD Смирнова О.Ю.,17209.0,debit,,Переводы,Смирнова О.Ю.,False
2497,2024-06-25,SUSHI WOK SAARA RUS,1500.0,debit,5814,Кафе и рестораны,Sushi Wok,False
2498,2024-06-02,GeekBrains абоннтская плата,20899.0,debit,,Образование,GeekBrains,False
2499,2024-05-08,Оплата услуг ЮMoney Комиссия,790.0,debit,6012,Финансовые услуги,ЮMoney Комиссия,False
